stop_id,stop_name,city,jurisdiction,permit_path,permit_difficulty,road,state_route,speed_limit,routes,trips_per_weekday,has_sidewalk_15ft,sidewalk_polygons_within_50ft,priority,lat,lon,streetview,gmaps
2500,Gwinnett Transit Center,UNINCORPORATED,Gwinnett County DOT,County ROW,easiest,SATELLITE BLVD,,45.0,"10A,10B,25,30,40",230.0,False,2,0.0,33.963169,-84.131208,"https://www.google.com/maps/@?api=1&map_action=pano&viewpoint=33.963169,-84.131208","https://www.google.com/maps/search/?api=1&query=33.963169,-84.131208"
1068,Buford Hwy at Jenny's Place IB,UNINCORPORATED,Gwinnett County DOT,County ROW,easiest,JOHNSON DR,,25.0,"10A,10B,20,35",99.0,True,5,129.0,33.917512,-84.258614,"https://www.google.com/maps/@?api=1&map_action=pano&viewpoint=33.917512,-84.258614","https://www.google.com/maps/search/?api=1&query=33.917512,-84.258614"
1011,Satellite Rd & Pars Cars Sales,UNINCORPORATED,Gwinnett County DOT,County ROW,easiest,SATELLITE BLVD,,45.0,"10A,10B,30,40",97.0,True,5,126.6,33.964466,-84.126815,"https://www.google.com/maps/@?api=1&map_action=pano&viewpoint=33.964466,-84.126815","https://www.google.com/maps/search/?api=1&query=33.964466,-84.126815"
1010,Satellite Blvd & Chevy Dealership,UNINCORPORATED,Gwinnett County DOT,County ROW,easiest,SATELLITE BLVD,,45.0,"10A,10B,30,40",97.0,True,3,126.6,33.96332,-84.122185,"https://www.google.com/maps/@?api=1&map_action=pano&viewpoint=33.96332,-84.122185","https://www.google.com/maps/search/?api=1&query=33.96332,-84.122185"
1009,Satellite Blvd & Satellite Point Offices,UNINCORPORATED,Gwinnett County DOT,County ROW,easiest,SATELLITE BLVD,,45.0,"10A,10B,30,40",97.0,True,4,126.6,33.962663,-84.120331,"https://www.google.com/maps/@?api=1&map_action=pano&viewpoint=33.962663,-84.120331","https://www.google.com/maps/search/?api=1&query=33.962663,-84.120331"
1114,Satellite Blvd & Satellite Shops,UNINCORPORATED,Gwinnett County DOT,County ROW,easiest,SATELLITE BLVD,,45.0,"10A,10B,30,40",95.0,True,5,123.9,33.963974,-84.126164,"https://www.google.com/maps/@?api=1&map_action=pano&viewpoint=33.963974,-84.126164","https://www.google.com/maps/search/?api=1&query=33.963974,-84.126164"
1117,Satellite Blvd & Commerce Ave,UNINCORPORATED,Gwinnett County DOT,County ROW,easiest,SATELLITE BLVD,,45.0,"10A,10B,30,40",95.0,True,4,123.9,33.961816,-84.118869,"https://www.google.com/maps/@?api=1&map_action=pano&viewpoint=33.961816,-84.118869","https://www.google.com/maps/search/?api=1&query=33.961816,-84.118869"
1116,Satellite Blvd & Golden Corral,UNINCORPORATED,Gwinnett County DOT,County ROW,easiest,SATELLITE BLVD,,45.0,"10A,10B,30,40",95.0,True,5,123.9,33.96303,-84.122313,"https://www.google.com/maps/@?api=1&map_action=pano&viewpoint=33.96303,-84.122313","https://www.google.com/maps/search/?api=1&query=33.96303,-84.122313"
1115,Satellite Blvd & Tandy Key Ln,UNINCORPORATED,Gwinnett County DOT,County ROW,easiest,SATELLITE BLVD,,45.0,"10A,10B,30,40",95.0,True,4,123.9,33.96359,-84.124393,"https://www.google.com/maps/@?api=1&map_action=pano&viewpoint=33.96359,-84.124393","https://www.google.com/maps/search/?api=1&query=33.96359,-84.124393"
2068,Best Friend Rd & Royal Palm Ct OB,UNINCORPORATED,Gwinnett County DOT,County ROW,easiest,BEST FRIEND RD,,40.0,"20,35",60.0,True,4,78.3,33.915617,-84.233461,"https://www.google.com/maps/@?api=1&map_action=pano&viewpoint=33.915617,-84.233461","https://www.google.com/maps/search/?api=1&query=33.915617,-84.233461"
2063,Brook Hollow Pkwy & N Norcross,UNINCORPORATED,Gwinnett County DOT,County ROW,easiest,BROOK HOLLOW PKWY,,45.0,"20,35",60.0,True,6,78.3,33.920797,-84.214794,"https://www.google.com/maps/@?api=1&map_action=pano&viewpoint=33.920797,-84.214794","https://www.google.com/maps/search/?api=1&query=33.920797,-84.214794"
2069,Best Friend Rd & Button Gwinnett Dr OB,UNINCORPORATED,Gwinnett County DOT,County ROW,easiest,BEST FRIEND RD,,40.0,"20,35",60.0,True,6,78.3,33.913847,-84.236613,"https://www.google.com/maps/@?api=1&map_action=pano&viewpoint=33.913847,-84.236613","https://www.google.com/maps/search/?api=1&query=33.913847,-84.236613"
2073,Button Gwinnett Rd & Ryder,UNINCORPORATED,Gwinnett County DOT,County ROW,easiest,BUTTON GWINNETT DR,,40.0,"20,35",60.0,True,3,78.3,33.924089,-84.244794,"https://www.google.com/maps/@?api=1&map_action=pano&viewpoint=33.924089,-84.244794","https://www.google.com/maps/search/?api=1&query=33.924089,-84.244794"
2065,Best Friend Rd & Best Friend Ct OB,UNINCORPORATED,Gwinnett County DOT,County ROW,easiest,BEST FRIEND RD,,40.0,"20,35",60.0,True,2,78.3,33.919387,-84.222621,"https://www.google.com/maps/@?api=1&map_action=pano&viewpoint=33.919387,-84.222621","https://www.google.com/maps/search/?api=1&query=33.919387,-84.222621"
2067,Best Friend Rd & Skyland Ct OB,UNINCORPORATED,Gwinnett County DOT,County ROW,easiest,BEST FRIEND RD,,40.0,"20,35",60.0,True,2,78.3,33.916055,-84.229995,"https://www.google.com/maps/@?api=1&map_action=pano&viewpoint=33.916055,-84.229995","https://www.google.com/maps/search/?api=1&query=33.916055,-84.229995"
2066,Best Friend Rd & Nancy Hanks Dr OB,UNINCORPORATED,Gwinnett County DOT,County ROW,easiest,BEST FRIEND RD,,40.0,"20,35",60.0,True,2,78.3,33.916912,-84.226089,"https://www.google.com/maps/@?api=1&map_action=pano&viewpoint=33.916912,-84.226089","https://www.google.com/maps/search/?api=1&query=33.916912,-84.226089"
2070,Button Gwinnett & TOPSA,UNINCORPORATED,Gwinnett County DOT,County ROW,easiest,BUTTON GWINNETT DR,,40.0,"20,35",60.0,False,2,0.0,33.914704,-84.238102,"https://www.google.com/maps/@?api=1&map_action=pano&viewpoint=33.914704,-84.238102","https://www.google.com/maps/search/?api=1&query=33.914704,-84.238102"
2064,Brook Hollow Pkwy & Best Friend Rd OB,UNINCORPORATED,Gwinnett County DOT,County ROW,easiest,BEST FRIEND RD,,40.0,"20,35",60.0,False,3,0.0,33.921698,-84.219948,"https://www.google.com/maps/@?api=1&map_action=pano&viewpoint=33.921698,-84.219948","https://www.google.com/maps/search/?api=1&query=33.921698,-84.219948"
2072,Button Gwinnett Dr & RUSH Truck Ctr,UNINCORPORATED,Gwinnett County DOT,County ROW,easiest,BUTTON GWINNETT DR,,40.0,"20,35",60.0,False,2,0.0,33.919494,-84.241523,"https://www.google.com/maps/@?api=1&map_action=pano&viewpoint=33.919494,-84.241523","https://www.google.com/maps/search/?api=1&query=33.919494,-84.241523"
2071,Button Gwinnett Dr & Mimms Dr,UNINCORPORATED,Gwinnett County DOT,County ROW,easiest,BUTTON GWINNETT DR,,40.0,"20,35",60.0,False,1,0.0,33.917447,-84.240082,"https://www.google.com/maps/@?api=1&map_action=pano&viewpoint=33.917447,-84.240082","https://www.google.com/maps/search/?api=1&query=33.917447,-84.240082"
4070,Sugarloaf Pkwy & Five Forks Trickum Rd,UNINCORPORATED,Gwinnett County DOT,County ROW,easiest,SUGARLOAF PKWY,,45.0,40,58.0,True,4,75.6,33.922553,-84.016912,"https://www.google.com/maps/@?api=1&map_action=pano&viewpoint=33.922553,-84.016912","https://www.google.com/maps/search/?api=1&query=33.922553,-84.016912"
2082,Best Friend Rd & Best Friend Ct IB,UNINCORPORATED,Gwinnett County DOT,County ROW,easiest,BEST FRIEND RD,,40.0,"20,35",57.0,True,3,74.4,33.919472,-84.222317,"https://www.google.com/maps/@?api=1&map_action=pano&viewpoint=33.919472,-84.222317","https://www.google.com/maps/search/?api=1&query=33.919472,-84.222317"
2084,Brook Hollow Pkwy & N Norcross,UNINCORPORATED,Gwinnett County DOT,County ROW,easiest,BROOK HOLLOW PKWY,,45.0,"20,35",57.0,True,7,74.4,33.920547,-84.214868,"https://www.google.com/maps/@?api=1&map_action=pano&viewpoint=33.920547,-84.214868","https://www.google.com/maps/search/?api=1&query=33.920547,-84.214868"
2080,Best Friend Rd & Skyland Ct IB,UNINCORPORATED,Gwinnett County DOT,County ROW,easiest,BEST FRIEND RD,,40.0,"20,35",57.0,True,3,74.4,33.915942,-84.229967,"https://www.google.com/maps/@?api=1&map_action=pano&viewpoint=33.915942,-84.229967","https://www.google.com/maps/search/?api=1&query=33.915942,-84.229967"
2079,Best Friend Rd & Royal Palm Ct IB,UNINCORPORATED,Gwinnett County DOT,County ROW,easiest,BEST FRIEND RD,,40.0,"20,35",57.0,True,4,74.4,33.915501,-84.23308,"https://www.google.com/maps/@?api=1&map_action=pano&viewpoint=33.915501,-84.23308","https://www.google.com/maps/search/?api=1&query=33.915501,-84.23308"
2078,Best Friend Rd & Button Gwinnett Dr IB,UNINCORPORATED,Gwinnett County DOT,County ROW,easiest,BEST FRIEND RD,,40.0,"20,35",57.0,True,6,74.4,33.913808,-84.236365,"https://www.google.com/maps/@?api=1&map_action=pano&viewpoint=33.913808,-84.236365","https://www.google.com/maps/search/?api=1&query=33.913808,-84.236365"
2074,Button Gwinnett Dr & Omega Dr IB,UNINCORPORATED,Gwinnett County DOT,County ROW,easiest,BUTTON GWINNETT DR,,40.0,"20,35",57.0,True,3,74.4,33.923997,-84.244906,"https://www.google.com/maps/@?api=1&map_action=pano&viewpoint=33.923997,-84.244906","https://www.google.com/maps/search/?api=1&query=33.923997,-84.244906"
2075,Button Gwinnett Dr & RUSH Ent (across),UNINCORPORATED,Gwinnett County DOT,County ROW,easiest,BUTTON GWINNETT DR,,40.0,"20,35",57.0,True,5,74.4,33.919594,-84.241755,"https://www.google.com/maps/@?api=1&map_action=pano&viewpoint=33.919594,-84.241755","https://www.google.com/maps/search/?api=1&query=33.919594,-84.241755"
2050,Dawson/Live Oak &Jimmy Carter Blvd OB,UNINCORPORATED,Gwinnett County DOT,County ROW,easiest,LIVE OAK PKWY,,35.0,"20,30",57.0,True,4,74.4,33.907341,-84.204821,"https://www.google.com/maps/@?api=1&map_action=pano&viewpoint=33.907341,-84.204821","https://www.google.com/maps/search/?api=1&query=33.907341,-84.204821"
2083,Best Friend Rd & Brook Hollow Pkwy,UNINCORPORATED,Gwinnett County DOT,County ROW,easiest,BEST FRIEND RD,,40.0,"20,35",57.0,True,3,74.4,33.921325,-84.220013,"https://www.google.com/maps/@?api=1&map_action=pano&viewpoint=33.921325,-84.220013","https://www.google.com/maps/search/?api=1&query=33.921325,-84.220013"
2077,Button Gwinnett Dr at TOPSA,UNINCORPORATED,Gwinnett County DOT,County ROW,easiest,BUTTON GWINNETT DR,,40.0,"20,35",57.0,False,1,0.0,33.914673,-84.238213,"https://www.google.com/maps/@?api=1&map_action=pano&viewpoint=33.914673,-84.238213","https://www.google.com/maps/search/?api=1&query=33.914673,-84.238213"
2076,Button Gwinnett Dr & Mimms Dr IB,UNINCORPORATED,Gwinnett County DOT,County ROW,easiest,BUTTON GWINNETT DR,,40.0,"20,35",57.0,False,1,0.0,33.917403,-84.240192,"https://www.google.com/maps/@?api=1&map_action=pano&viewpoint=33.917403,-84.240192","https://www.google.com/maps/search/?api=1&query=33.917403,-84.240192"
2081,Best Friend Rd & Nancy Hanks Dr IB,UNINCORPORATED,Gwinnett County DOT,County ROW,easiest,BEST FRIEND RD,,40.0,"20,35",57.0,False,2,0.0,33.916795,-84.226034,"https://www.google.com/maps/@?api=1&map_action=pano&viewpoint=33.916795,-84.226034","https://www.google.com/maps/search/?api=1&query=33.916795,-84.226034"
3000,Old Norcross Rd & Breckinridge Blvd,UNINCORPORATED,Gwinnett County DOT,County ROW,easiest,OLD NORCROSS RD,,45.0,"30,40",56.0,True,6,72.9,33.958382,-84.111642,"https://www.google.com/maps/@?api=1&map_action=pano&viewpoint=33.958382,-84.111642","https://www.google.com/maps/search/?api=1&query=33.958382,-84.111642"
2030,Singleton Rd & Gwinnett Horizons,UNINCORPORATED,Gwinnett County DOT,County ROW,easiest,SINGLETON RD,,40.0,"20,30",56.0,True,7,72.9,33.904038,-84.203142,"https://www.google.com/maps/@?api=1&map_action=pano&viewpoint=33.904038,-84.203142","https://www.google.com/maps/search/?api=1&query=33.904038,-84.203142"
2015,Tech Dr & Food Depot,UNINCORPORATED,Gwinnett County DOT,County ROW,easiest,TECH DR,,35.0,"20,30",56.0,True,9,72.9,33.914784,-84.163661,"https://www.google.com/maps/@?api=1&map_action=pano&viewpoint=33.914784,-84.163661","https://www.google.com/maps/search/?api=1&query=33.914784,-84.163661"
2137,Tech Dr & Chevron Gas Station,UNINCORPORATED,Gwinnett County DOT,County ROW,easiest,TECH DR,,35.0,"20,30",56.0,True,10,72.9,33.91474,-84.163456,"https://www.google.com/maps/@?api=1&map_action=pano&viewpoint=33.91474,-84.163456","https://www.google.com/maps/search/?api=1&query=33.91474,-84.163456"
3126,Old Norcross Rd & Breckinridge Blvd IB,UNINCORPORATED,Gwinnett County DOT,County ROW,easiest,OLD NORCROSS RD,,45.0,"30,40",55.0,True,3,71.7,33.95866,-84.111461,"https://www.google.com/maps/@?api=1&map_action=pano&viewpoint=33.95866,-84.111461","https://www.google.com/maps/search/?api=1&query=33.95866,-84.111461"
3063,Live Oak Pkwy & Thompson Pkwy OB,UNINCORPORATED,Gwinnett County DOT,County ROW,easiest,THOMPSON PKWY,,35.0,30,55.0,True,2,71.7,33.906019,-84.202669,"https://www.google.com/maps/@?api=1&map_action=pano&viewpoint=33.906019,-84.202669","https://www.google.com/maps/search/?api=1&query=33.906019,-84.202669"
2550,West Park Place Blvd at Centre Park Cour,UNINCORPORATED,Gwinnett County DOT,County ROW,easiest,W PARK PLACE BLVD,,45.0,"25,70",54.0,True,2,70.5,33.815104,-84.115354,"https://www.google.com/maps/@?api=1&map_action=pano&viewpoint=33.815104,-84.115354","https://www.google.com/maps/search/?api=1&query=33.815104,-84.115354"
2552,Rockbridge Road at Sharp Trails,UNINCORPORATED,Gwinnett County DOT,County ROW,easiest,ROCKBRIDGE RD,,40.0,"25,70",54.0,True,9,70.5,33.819898,-84.110312,"https://www.google.com/maps/@?api=1&map_action=pano&viewpoint=33.819898,-84.110312","https://www.google.com/maps/search/?api=1&query=33.819898,-84.110312"
2551,Rockbridge Road at West Park Place Blvd,UNINCORPORATED,Gwinnett County DOT,County ROW,easiest,ROCKBRIDGE RD,,40.0,"25,70",54.0,True,3,70.5,33.818065,-84.107448,"https://www.google.com/maps/@?api=1&map_action=pano&viewpoint=33.818065,-84.107448","https://www.google.com/maps/search/?api=1&query=33.818065,-84.107448"
2549,West Park Place Blvd at Pebblebrook Seni,UNINCORPORATED,Gwinnett County DOT,County ROW,easiest,W PARK PLACE BLVD,,45.0,"25,70",54.0,True,3,70.5,33.817574,-84.119041,"https://www.google.com/maps/@?api=1&map_action=pano&viewpoint=33.817574,-84.119041","https://www.google.com/maps/search/?api=1&query=33.817574,-84.119041"
2548,West Park Place Blvd at Bermuda Road,UNINCORPORATED,Gwinnett County DOT,County ROW,easiest,W PARK PLACE BLVD,,45.0,"25,70",54.0,True,2,70.5,33.82119,-84.12112,"https://www.google.com/maps/@?api=1&map_action=pano&viewpoint=33.82119,-84.12112","https://www.google.com/maps/search/?api=1&query=33.82119,-84.12112"
2510,Burns Rd & Pleasant Hill Rd OB,LILBURN,Gwinnett County DOT,County ROW,easiest,PLEASANT HILL RD,,45.0,"25,30",45.0,True,6,58.8,33.91076,-84.113762,"https://www.google.com/maps/@?api=1&map_action=pano&viewpoint=33.91076,-84.113762","https://www.google.com/maps/search/?api=1&query=33.91076,-84.113762"
2503,Pleasant Hill Rd & Popeye's OB,UNINCORPORATED,Gwinnett County DOT,County ROW,easiest,PLEASANT HILL RD,,45.0,"25,30",45.0,True,9,58.8,33.946377,-84.126168,"https://www.google.com/maps/@?api=1&map_action=pano&viewpoint=33.946377,-84.126168","https://www.google.com/maps/search/?api=1&query=33.946377,-84.126168"
2511,Pleasant Hill Rd & L'ville Hwy (Berkmar),LILBURN,Gwinnett County DOT,County ROW,easiest,PLEASANT HILL RD,,45.0,"25,30",45.0,True,3,58.8,33.907192,-84.111581,"https://www.google.com/maps/@?api=1&map_action=pano&viewpoint=33.907192,-84.111581","https://www.google.com/maps/search/?api=1&query=33.907192,-84.111581"
2588,Pleasant Hill Rd & Lawrenceville Hwy IB,LILBURN,Gwinnett County DOT,County ROW,easiest,PLEASANT HILL RD,,45.0,"25,30",44.0,True,6,57.3,33.908109,-84.111799,"https://www.google.com/maps/@?api=1&map_action=pano&viewpoint=33.908109,-84.111799","https://www.google.com/maps/search/?api=1&query=33.908109,-84.111799"
1012,Satellite Blvd & Quicktrip OB,UNINCORPORATED,Gwinnett County DOT,County ROW,easiest,SATELLITE BLVD,,45.0,"10A,10B",43.0,True,8,56.1,33.962162,-84.132392,"https://www.google.com/maps/@?api=1&map_action=pano&viewpoint=33.962162,-84.132392","https://www.google.com/maps/search/?api=1&query=33.962162,-84.132392"
1013,Satellite Blvd & Korean BBQ 24,UNINCORPORATED,Gwinnett County DOT,County ROW,easiest,SATELLITE BLVD,,45.0,"10A,10B",43.0,True,6,56.1,33.958114,-84.136557,"https://www.google.com/maps/@?api=1&map_action=pano&viewpoint=33.958114,-84.136557","https://www.google.com/maps/search/?api=1&query=33.958114,-84.136557"
1014,Satellite Blvd & Satellite Square OB,UNINCORPORATED,Gwinnett County DOT,County ROW,easiest,SATELLITE BLVD,,45.0,"10A,10B",43.0,True,7,56.1,33.956549,-84.139187,"https://www.google.com/maps/@?api=1&map_action=pano&viewpoint=33.956549,-84.139187","https://www.google.com/maps/search/?api=1&query=33.956549,-84.139187"
1005,Satellite & NCR Main Entrance OB,UNINCORPORATED,Gwinnett County DOT,County ROW,easiest,SATELLITE BLVD,,45.0,"10A,10B",42.0,True,3,54.9,33.967626,-84.101716,"https://www.google.com/maps/@?api=1&map_action=pano&viewpoint=33.967626,-84.101716","https://www.google.com/maps/search/?api=1&query=33.967626,-84.101716"
1111,Satellite Blvd & InTown Suites IB,UNINCORPORATED,Gwinnett County DOT,County ROW,easiest,SATELLITE BLVD,,45.0,"10A,10B",42.0,True,9,54.9,33.956097,-84.139323,"https://www.google.com/maps/@?api=1&map_action=pano&viewpoint=33.956097,-84.139323","https://www.google.com/maps/search/?api=1&query=33.956097,-84.139323"
1007,Satellite Blvd & Merritt Apartments OB,UNINCORPORATED,Gwinnett County DOT,County ROW,easiest,SATELLITE BLVD,,45.0,"10A,10B",42.0,True,5,54.9,33.963792,-84.111153,"https://www.google.com/maps/@?api=1&map_action=pano&viewpoint=33.963792,-84.111153","https://www.google.com/maps/search/?api=1&query=33.963792,-84.111153"
1113,Satellite Blvd & Bank of America IB,UNINCORPORATED,Gwinnett County DOT,County ROW,easiest,SATELLITE BLVD,,45.0,"10A,10B",42.0,True,8,54.9,33.959694,-84.133038,"https://www.google.com/maps/@?api=1&map_action=pano&viewpoint=33.959694,-84.133038","https://www.google.com/maps/search/?api=1&query=33.959694,-84.133038"
1112,Satellite Blvd & Midas IB,UNINCORPORATED,Gwinnett County DOT,County ROW,easiest,SATELLITE BLVD,,45.0,"10A,10B",42.0,True,7,54.9,33.957905,-84.136308,"https://www.google.com/maps/@?api=1&map_action=pano&viewpoint=33.957905,-84.136308","https://www.google.com/maps/search/?api=1&query=33.957905,-84.136308"
1006,Satellite Blvd & Evergreen Blvd,UNINCORPORATED,Gwinnett County DOT,County ROW,easiest,SATELLITE BLVD,,45.0,"10A,10B",42.0,True,1,54.9,33.965006,-84.108086,"https://www.google.com/maps/@?api=1&map_action=pano&viewpoint=33.965006,-84.108086","https://www.google.com/maps/search/?api=1&query=33.965006,-84.108086"
1008,Satellite Rd & NCR Office Building OB,UNINCORPORATED,Gwinnett County DOT,County ROW,easiest,SATELLITE BLVD,,45.0,"10A,10B",42.0,True,4,54.9,33.962717,-84.113827,"https://www.google.com/maps/@?api=1&map_action=pano&viewpoint=33.962717,-84.113827","https://www.google.com/maps/search/?api=1&query=33.962717,-84.113827"
1004,Boggs Rd & NCR1 (side entrance) OB,UNINCORPORATED,Gwinnett County DOT,County ROW,easiest,BOGGS RD,,45.0,"10A,10B",42.0,True,3,54.9,33.970779,-84.098714,"https://www.google.com/maps/@?api=1&map_action=pano&viewpoint=33.970779,-84.098714","https://www.google.com/maps/search/?api=1&query=33.970779,-84.098714"
1002,Boggs Rd @ St. Andrews Church OB,UNINCORPORATED,Gwinnett County DOT,County ROW,easiest,BOGGS RD,,45.0,"10A,10B",42.0,False,3,0.0,33.977467,-84.100098,"https://www.google.com/maps/@?api=1&map_action=pano&viewpoint=33.977467,-84.100098","https://www.google.com/maps/search/?api=1&query=33.977467,-84.100098"
1003,Boggs Rd & Pinemeadow Ct (GE) OB,UNINCORPORATED,Gwinnett County DOT,County ROW,easiest,BOGGS RD,,45.0,"10A,10B",42.0,False,1,0.0,33.9746,-84.10092,"https://www.google.com/maps/@?api=1&map_action=pano&viewpoint=33.9746,-84.10092","https://www.google.com/maps/search/?api=1&query=33.9746,-84.10092"
1131,Brown Rd & Sugarloaf Pkwy IB,UNINCORPORATED,Gwinnett County DOT,County ROW,easiest,N BROWN RD,,45.0,"10A,10B",39.0,True,3,51.0,33.985334,-84.080524,"https://www.google.com/maps/@?api=1&map_action=pano&viewpoint=33.985334,-84.080524","https://www.google.com/maps/search/?api=1&query=33.985334,-84.080524"
1128,Satellite Blvd & 2180 Satellite Blvd,UNINCORPORATED,Gwinnett County DOT,County ROW,easiest,SATELLITE BLVD,,45.0,"10A,10B",39.0,True,3,51.0,33.984399,-84.092431,"https://www.google.com/maps/@?api=1&map_action=pano&viewpoint=33.984399,-84.092431","https://www.google.com/maps/search/?api=1&query=33.984399,-84.092431"
1129,Satellite Blvd @ Gas South Arena,UNINCORPORATED,Gwinnett County DOT,County ROW,easiest,SATELLITE BLVD,,45.0,"10A,10B",39.0,True,5,51.0,33.98686,-84.09029,"https://www.google.com/maps/@?api=1&map_action=pano&viewpoint=33.98686,-84.09029","https://www.google.com/maps/search/?api=1&query=33.98686,-84.09029"
1118,Satellite Blvd & Enterprise Dealer IB,UNINCORPORATED,Gwinnett County DOT,County ROW,easiest,SATELLITE BLVD,,45.0,"10A,10B",39.0,True,3,51.0,33.962414,-84.113659,"https://www.google.com/maps/@?api=1&map_action=pano&viewpoint=33.962414,-84.113659","https://www.google.com/maps/search/?api=1&query=33.962414,-84.113659"
1120,Satellite Blvd & Evergreen Blvd IB,UNINCORPORATED,Gwinnett County DOT,County ROW,easiest,SATELLITE BLVD,,45.0,"10A,10B",39.0,True,2,51.0,33.964583,-84.108497,"https://www.google.com/maps/@?api=1&map_action=pano&viewpoint=33.964583,-84.108497","https://www.google.com/maps/search/?api=1&query=33.964583,-84.108497"
1130,Satellite Blvd & Chick-fil-A IB,UNINCORPORATED,Gwinnett County DOT,County ROW,easiest,SATELLITE BLVD,,45.0,"10A,10B",39.0,True,3,51.0,33.987522,-84.089126,"https://www.google.com/maps/@?api=1&map_action=pano&viewpoint=33.987522,-84.089126","https://www.google.com/maps/search/?api=1&query=33.987522,-84.089126"
1126,Satellite Blvd & BP Gas Station,UNINCORPORATED,Gwinnett County DOT,County ROW,easiest,SATELLITE BLVD,,45.0,"10A,10B",39.0,True,7,51.0,33.97797,-84.093136,"https://www.google.com/maps/@?api=1&map_action=pano&viewpoint=33.97797,-84.093136","https://www.google.com/maps/search/?api=1&query=33.97797,-84.093136"
1124,Boggs Rd & Duluth Hwy 120 IB,UNINCORPORATED,Gwinnett County DOT,County ROW,easiest,BOGGS RD,,45.0,"10A,10B",39.0,True,4,51.0,33.977216,-84.099943,"https://www.google.com/maps/@?api=1&map_action=pano&viewpoint=33.977216,-84.099943","https://www.google.com/maps/search/?api=1&query=33.977216,-84.099943"
1122,Boggs Rd & Quick Trip IB,UNINCORPORATED,Gwinnett County DOT,County ROW,easiest,BOGGS RD,,45.0,"10A,10B",39.0,True,4,51.0,33.97078,-84.09843,"https://www.google.com/maps/@?api=1&map_action=pano&viewpoint=33.97078,-84.09843","https://www.google.com/maps/search/?api=1&query=33.97078,-84.09843"
1127,Satellite Blvd & Marquis @ Sugarloaf IB,UNINCORPORATED,Gwinnett County DOT,County ROW,easiest,SATELLITE BLVD,,45.0,"10A,10B",39.0,True,3,51.0,33.981001,-84.092561,"https://www.google.com/maps/@?api=1&map_action=pano&viewpoint=33.981001,-84.092561","https://www.google.com/maps/search/?api=1&query=33.981001,-84.092561"
1119,Satellite Blvd & Suzuki Dealership,UNINCORPORATED,Gwinnett County DOT,County ROW,easiest,SATELLITE BLVD,,45.0,"10A,10B",39.0,False,4,0.0,33.96355,-84.111041,"https://www.google.com/maps/@?api=1&map_action=pano&viewpoint=33.96355,-84.111041","https://www.google.com/maps/search/?api=1&query=33.96355,-84.111041"
1121,Satellite Blvd & Childrens Healthcare IB,UNINCORPORATED,Gwinnett County DOT,County ROW,easiest,SATELLITE BLVD,,45.0,"10A,10B",39.0,False,5,0.0,33.96734,-84.101699,"https://www.google.com/maps/@?api=1&map_action=pano&viewpoint=33.96734,-84.101699","https://www.google.com/maps/search/?api=1&query=33.96734,-84.101699"
1123,Boggs Rd & Meadow Brook Pkwy IB,UNINCORPORATED,Gwinnett County DOT,County ROW,easiest,BOGGS RD,,45.0,"10A,10B",39.0,False,0,0.0,33.975016,-84.1009,"https://www.google.com/maps/@?api=1&map_action=pano&viewpoint=33.975016,-84.1009","https://www.google.com/maps/search/?api=1&query=33.975016,-84.1009"
5000,Old Peachtree Road @ Publix,UNINCORPORATED,Gwinnett County DOT,County ROW,easiest,OLD PEACHTREE RD,,45.0,50,36.0,True,9,47.1,34.035467,-83.989705,"https://www.google.com/maps/@?api=1&map_action=pano&viewpoint=34.035467,-83.989705","https://www.google.com/maps/search/?api=1&query=34.035467,-83.989705"
2553,Rockbridge Road @ Stonebridge Crossing S,UNINCORPORATED,Gwinnett County DOT,County ROW,easiest,ROCKBRIDGE RD,,40.0,25,34.0,True,5,44.4,33.823702,-84.118615,"https://www.google.com/maps/@?api=1&map_action=pano&viewpoint=33.823702,-84.118615","https://www.google.com/maps/search/?api=1&query=33.823702,-84.118615"
3506,Spalding Dr & Technology Pkwy,PEACHTREE CORNERS,Gwinnett County DOT,County ROW,easiest,SPALDING DR,,40.0,35,31.0,True,7,40.5,33.968229,-84.217459,"https://www.google.com/maps/@?api=1&map_action=pano&viewpoint=33.968229,-84.217459","https://www.google.com/maps/search/?api=1&query=33.968229,-84.217459"
3512,Medlock Bridge Rd & Animal Hospital,NORCROSS,Gwinnett County DOT,County ROW,easiest,MEDLOCK BRIDGE RD,,45.0,35,31.0,True,7,40.5,33.957137,-84.208187,"https://www.google.com/maps/@?api=1&map_action=pano&viewpoint=33.957137,-84.208187","https://www.google.com/maps/search/?api=1&query=33.957137,-84.208187"
3505,Spalding Dr & Bank of America,PEACHTREE CORNERS,Gwinnett County DOT,County ROW,easiest,SPALDING DR,,40.0,35,31.0,True,4,40.5,33.96958,-84.219993,"https://www.google.com/maps/@?api=1&map_action=pano&viewpoint=33.96958,-84.219993","https://www.google.com/maps/search/?api=1&query=33.96958,-84.219993"
3508,Spalding Dr & Medlock Bridge Rd (Citgo),PEACHTREE CORNERS,Gwinnett County DOT,County ROW,easiest,SPALDING DR,,40.0,35,31.0,True,6,40.5,33.968686,-84.20813,"https://www.google.com/maps/@?api=1&map_action=pano&viewpoint=33.968686,-84.20813","https://www.google.com/maps/search/?api=1&query=33.968686,-84.20813"
3511,Medlock Bridge Rd & Thai Star Restaurant,NORCROSS,Gwinnett County DOT,County ROW,easiest,MEDLOCK BRIDGE RD,,45.0,35,31.0,True,6,40.5,33.96003,-84.208487,"https://www.google.com/maps/@?api=1&map_action=pano&viewpoint=33.96003,-84.208487","https://www.google.com/maps/search/?api=1&query=33.96003,-84.208487"
3536,Peachtree Corners Cir & Jones Mill Spur,PEACHTREE CORNERS,Gwinnett County DOT,County ROW,easiest,PEACHTREE CORNERS CIR,,45.0,35,31.0,True,8,40.5,33.945535,-84.25113,"https://www.google.com/maps/@?api=1&map_action=pano&viewpoint=33.945535,-84.25113","https://www.google.com/maps/search/?api=1&query=33.945535,-84.25113"
3556,N Norcross Tucker Rd & Pelican Dr,UNINCORPORATED,Gwinnett County DOT,County ROW,easiest,N NORCROSS TUCKER RD,,35.0,35,31.0,True,6,40.5,33.920915,-84.212908,"https://www.google.com/maps/@?api=1&map_action=pano&viewpoint=33.920915,-84.212908","https://www.google.com/maps/search/?api=1&query=33.920915,-84.212908"
3534,Peachtree Corners Cir & Parton Ct OB,PEACHTREE CORNERS,Gwinnett County DOT,County ROW,easiest,PEACHTREE CORNERS CIR,,45.0,35,31.0,True,6,40.5,33.94923,-84.251923,"https://www.google.com/maps/@?api=1&map_action=pano&viewpoint=33.94923,-84.251923","https://www.google.com/maps/search/?api=1&query=33.94923,-84.251923"
3528,Holcomb Bridge Rd & Peachtree Corners Ci,PEACHTREE CORNERS,Gwinnett County DOT,County ROW,easiest,PEACHTREE CORNERS CIR,,45.0,35,31.0,True,6,40.5,33.958374,-84.247764,"https://www.google.com/maps/@?api=1&map_action=pano&viewpoint=33.958374,-84.247764","https://www.google.com/maps/search/?api=1&query=33.958374,-84.247764"
3540,Jones Mill Rd & Bay Cir OB,PEACHTREE CORNERS,Gwinnett County DOT,County ROW,easiest,JONES MILL RD,,35.0,35,31.0,True,3,40.5,33.937967,-84.247025,"https://www.google.com/maps/@?api=1&map_action=pano&viewpoint=33.937967,-84.247025","https://www.google.com/maps/search/?api=1&query=33.937967,-84.247025"
3539,Peachtree Corners Cir & Muray's,PEACHTREE CORNERS,Gwinnett County DOT,County ROW,easiest,PEACHTREE CORNERS CIR,,45.0,35,31.0,True,7,40.5,33.940297,-84.249261,"https://www.google.com/maps/@?api=1&map_action=pano&viewpoint=33.940297,-84.249261","https://www.google.com/maps/search/?api=1&query=33.940297,-84.249261"
3535,Peachtree Corners Cir & Autumn Trace Dr,PEACHTREE CORNERS,Gwinnett County DOT,County ROW,easiest,PEACHTREE CORNERS CIR,,45.0,35,31.0,True,9,40.5,33.947007,-84.251565,"https://www.google.com/maps/@?api=1&map_action=pano&viewpoint=33.947007,-84.251565","https://www.google.com/maps/search/?api=1&query=33.947007,-84.251565"
3507,Spalding Dr & Norcross HS (bfr light),PEACHTREE CORNERS,Gwinnett County DOT,County ROW,easiest,SPALDING DR,,40.0,35,31.0,True,4,40.5,33.967675,-84.214944,"https://www.google.com/maps/@?api=1&map_action=pano&viewpoint=33.967675,-84.214944","https://www.google.com/maps/search/?api=1&query=33.967675,-84.214944"
3521,Holcomb Bridge Rd & Bank of America OB,PEACHTREE CORNERS,Gwinnett County DOT,County ROW,easiest,HOLCOMB BRIDGE RD,,40.0,35,31.0,True,10,40.5,33.949696,-84.23329,"https://www.google.com/maps/@?api=1&map_action=pano&viewpoint=33.949696,-84.23329","https://www.google.com/maps/search/?api=1&query=33.949696,-84.23329"
3523,Holcomb Bridge Rd & The Corners Pkwy OB,PEACHTREE CORNERS,Gwinnett County DOT,County ROW,easiest,HOLCOMB BRIDGE RD,,40.0,35,31.0,True,6,40.5,33.951404,-84.239981,"https://www.google.com/maps/@?api=1&map_action=pano&viewpoint=33.951404,-84.239981","https://www.google.com/maps/search/?api=1&query=33.951404,-84.239981"
3530,Peachtree Corners Cir & Westchase Villge,PEACHTREE CORNERS,Gwinnett County DOT,County ROW,easiest,PEACHTREE CORNERS CIR,,45.0,35,31.0,True,7,40.5,33.95605,-84.249526,"https://www.google.com/maps/@?api=1&map_action=pano&viewpoint=33.95605,-84.249526","https://www.google.com/maps/search/?api=1&query=33.95605,-84.249526"
3531,Peachtree Corners Cir & Elmside Villg Ln,PEACHTREE CORNERS,Gwinnett County DOT,County ROW,easiest,PEACHTREE CORNERS CIR,,45.0,35,31.0,True,3,40.5,33.95437,-84.250174,"https://www.google.com/maps/@?api=1&map_action=pano&viewpoint=33.95437,-84.250174","https://www.google.com/maps/search/?api=1&query=33.95437,-84.250174"
3532,Peachtree Corners Circle and Klinect Ct,PEACHTREE CORNERS,Gwinnett County DOT,County ROW,easiest,PEACHTREE CORNERS CIR,,45.0,35,31.0,True,7,40.5,33.952205,-84.251027,"https://www.google.com/maps/@?api=1&map_action=pano&viewpoint=33.952205,-84.251027","https://www.google.com/maps/search/?api=1&query=33.952205,-84.251027"
3533,Peachtree Corners Cir& Springs Ln,PEACHTREE CORNERS,Gwinnett County DOT,County ROW,easiest,PEACHTREE CORNERS CIR,,45.0,35,31.0,True,4,40.5,33.950489,-84.251678,"https://www.google.com/maps/@?api=1&map_action=pano&viewpoint=33.950489,-84.251678","https://www.google.com/maps/search/?api=1&query=33.950489,-84.251678"
3538,Peachtree Corners Cir & Corners Ind Cir,PEACHTREE CORNERS,Gwinnett County DOT,County ROW,easiest,PEACHTREE CORNERS CIR,,45.0,35,31.0,True,5,40.5,33.941906,-84.250066,"https://www.google.com/maps/@?api=1&map_action=pano&viewpoint=33.941906,-84.250066","https://www.google.com/maps/search/?api=1&query=33.941906,-84.250066"
3537,Peachtree Corners Cir & Jones Mill Ct,PEACHTREE CORNERS,Gwinnett County DOT,County ROW,easiest,PEACHTREE CORNERS CIR,,45.0,35,31.0,True,7,40.5,33.943959,-84.250658,"https://www.google.com/maps/@?api=1&map_action=pano&viewpoint=33.943959,-84.250658","https://www.google.com/maps/search/?api=1&query=33.943959,-84.250658"
3509,Medlock Bridge Rd & Medlock Corners Dr,PEACHTREE CORNERS,Gwinnett County DOT,County ROW,easiest,MEDLOCK BRIDGE RD,,40.0,35,31.0,True,5,40.5,33.963603,-84.208383,"https://www.google.com/maps/@?api=1&map_action=pano&viewpoint=33.963603,-84.208383","https://www.google.com/maps/search/?api=1&query=33.963603,-84.208383"
3510,Medlock Bridge Rd & Chevron Gas Station,PEACHTREE CORNERS,Gwinnett County DOT,County ROW,easiest,MEDLOCK BRIDGE RD,,40.0,35,31.0,True,7,40.5,33.962063,-84.208582,"https://www.google.com/maps/@?api=1&map_action=pano&viewpoint=33.962063,-84.208582","https://www.google.com/maps/search/?api=1&query=33.962063,-84.208582"
3529,Peachtree Corners Cir & Pineland Woods D,PEACHTREE CORNERS,Gwinnett County DOT,County ROW,easiest,PEACHTREE CORNERS CIR,,45.0,35,31.0,True,6,40.5,33.957174,-84.248858,"https://www.google.com/maps/@?api=1&map_action=pano&viewpoint=33.957174,-84.248858","https://www.google.com/maps/search/?api=1&query=33.957174,-84.248858"
3522,Holcomb Bridge Rd & Ryan Rd,PEACHTREE CORNERS,Gwinnett County DOT,County ROW,easiest,HOLCOMB BRIDGE RD,,40.0,35,31.0,True,7,40.5,33.951016,-84.237336,"https://www.google.com/maps/@?api=1&map_action=pano&viewpoint=33.951016,-84.237336","https://www.google.com/maps/search/?api=1&query=33.951016,-84.237336"
3520,Peachtree Industrail Blvd & Target Plaza,PEACHTREE CORNERS,Gwinnett County DOT,County ROW,easiest,PEACHTREE INDUSTRIAL BLVD,,45.0,35,31.0,True,4,40.5,33.949983,-84.230572,"https://www.google.com/maps/@?api=1&map_action=pano&viewpoint=33.949983,-84.230572","https://www.google.com/maps/search/?api=1&query=33.949983,-84.230572"
3518,Peachtree Industrial Rd & DIVOTS Sportsw,NORCROSS,Gwinnett County DOT,County ROW,easiest,PEACHTREE INDUSTRIAL BLVD,,45.0,35,31.0,False,3,0.0,33.953787,-84.223769,"https://www.google.com/maps/@?api=1&map_action=pano&viewpoint=33.953787,-84.223769","https://www.google.com/maps/search/?api=1&query=33.953787,-84.223769"
3517,Peachtree Industrial Rd & ADVA OB,NORCROSS,Gwinnett County DOT,County ROW,easiest,PEACHTREE INDUSTRIAL BLVD,,45.0,35,31.0,False,2,0.0,33.954819,-84.221304,"https://www.google.com/maps/@?api=1&map_action=pano&viewpoint=33.954819,-84.221304","https://www.google.com/maps/search/?api=1&query=33.954819,-84.221304"
3519,Peachtree Industrial Blvd & Peachtree Co,NORCROSS,Gwinnett County DOT,County ROW,easiest,PEACHTREE INDUSTRIAL BLVD,,45.0,35,31.0,False,1,0.0,33.952234,-84.226756,"https://www.google.com/maps/@?api=1&map_action=pano&viewpoint=33.952234,-84.226756","https://www.google.com/maps/search/?api=1&query=33.952234,-84.226756"
4068,Sugarloaf Pkwy & Bellbrook Ln OB,UNINCORPORATED,Gwinnett County DOT,County ROW,easiest,SUGARLOAF PKWY,,45.0,40,30.0,True,3,39.0,33.920576,-84.010779,"https://www.google.com/maps/@?api=1&map_action=pano&viewpoint=33.920576,-84.010779","https://www.google.com/maps/search/?api=1&query=33.920576,-84.010779"
4066,Johnson Rd & Stone Mountain St,LAWRENCEVILLE,Gwinnett County DOT,County ROW,easiest,JOHNSON RD,,40.0,40,30.0,True,5,39.0,33.924318,-84.009385,"https://www.google.com/maps/@?api=1&map_action=pano&viewpoint=33.924318,-84.009385","https://www.google.com/maps/search/?api=1&query=33.924318,-84.009385"
4067,Johnson Rd & L&ing Plaza OB,LAWRENCEVILLE,Gwinnett County DOT,County ROW,easiest,JOHNSON RD,,40.0,40,30.0,True,4,39.0,33.921208,-84.00782,"https://www.google.com/maps/@?api=1&map_action=pano&viewpoint=33.921208,-84.00782","https://www.google.com/maps/search/?api=1&query=33.921208,-84.00782"
4064,Stone Mountain St & Liegh Kay Apts OB,LAWRENCEVILLE,Gwinnett County DOT,County ROW,easiest,FIVE FORKS TRICKUM RD,,45.0,40,30.0,True,3,39.0,33.929418,-84.002008,"https://www.google.com/maps/@?api=1&map_action=pano&viewpoint=33.929418,-84.002008","https://www.google.com/maps/search/?api=1&query=33.929418,-84.002008"
4069,Sugarloaf Pkwy & PNC Bank OB,LAWRENCEVILLE,Gwinnett County DOT,County ROW,easiest,SUGARLOAF PKWY,,45.0,40,30.0,True,5,39.0,33.920365,-84.013487,"https://www.google.com/maps/@?api=1&map_action=pano&viewpoint=33.920365,-84.013487","https://www.google.com/maps/search/?api=1&query=33.920365,-84.013487"
4058,Stone Mountain St & Piedmont Bank,LAWRENCEVILLE,Gwinnett County DOT,County ROW,easiest,STONE MOUNTAIN ST,,35.0,40,30.0,True,6,39.0,33.943195,-83.993862,"https://www.google.com/maps/@?api=1&map_action=pano&viewpoint=33.943195,-83.993862","https://www.google.com/maps/search/?api=1&query=33.943195,-83.993862"
4059,Stone Mountian St & Boys & Girls Club OB,LAWRENCEVILLE,Gwinnett County DOT,County ROW,easiest,STONE MOUNTAIN ST,,35.0,40,30.0,True,3,39.0,33.940576,-83.994704,"https://www.google.com/maps/@?api=1&map_action=pano&viewpoint=33.940576,-83.994704","https://www.google.com/maps/search/?api=1&query=33.940576,-83.994704"
4060,Stone Mountain St & Somerset Dr OB,LAWRENCEVILLE,Gwinnett County DOT,County ROW,easiest,FIVE FORKS TRICKUM RD,,35.0,40,30.0,True,6,39.0,33.938247,-83.996084,"https://www.google.com/maps/@?api=1&map_action=pano&viewpoint=33.938247,-83.996084","https://www.google.com/maps/search/?api=1&query=33.938247,-83.996084"
4061,Stone Mountain Street & Open Field,LAWRENCEVILLE,Gwinnett County DOT,County ROW,easiest,FIVE FORKS TRICKUM RD,,35.0,40,30.0,True,8,39.0,33.935723,-83.997654,"https://www.google.com/maps/@?api=1&map_action=pano&viewpoint=33.935723,-83.997654","https://www.google.com/maps/search/?api=1&query=33.935723,-83.997654"
4062,Stone Mountain St & Charleston Ln,LAWRENCEVILLE,Gwinnett County DOT,County ROW,easiest,FIVE FORKS TRICKUM RD,,45.0,40,30.0,True,5,39.0,33.933842,-83.998771,"https://www.google.com/maps/@?api=1&map_action=pano&viewpoint=33.933842,-83.998771","https://www.google.com/maps/search/?api=1&query=33.933842,-83.998771"
4063,Stone Mountain St & Charter St,LAWRENCEVILLE,Gwinnett County DOT,County ROW,easiest,FIVE FORKS TRICKUM RD,,45.0,40,30.0,True,5,39.0,33.931928,-83.999947,"https://www.google.com/maps/@?api=1&map_action=pano&viewpoint=33.931928,-83.999947","https://www.google.com/maps/search/?api=1&query=33.931928,-83.999947"
4055,Gwinnett Dr & Town Center Cinemas OB,LAWRENCEVILLE,Gwinnett County DOT,County ROW,easiest,GWINNETT DR,,40.0,40,30.0,True,12,39.0,33.940331,-83.984884,"https://www.google.com/maps/@?api=1&map_action=pano&viewpoint=33.940331,-83.984884","https://www.google.com/maps/search/?api=1&query=33.940331,-83.984884"
4065,Stone Mountain St & Highgate Dr OB,LAWRENCEVILLE,Gwinnett County DOT,County ROW,easiest,FIVE FORKS TRICKUM RD,,45.0,40,30.0,True,3,39.0,33.927018,-84.008194,"https://www.google.com/maps/@?api=1&map_action=pano&viewpoint=33.927018,-84.008194","https://www.google.com/maps/search/?api=1&query=33.927018,-84.008194"
4048,Gwinnett Justice & Admin Center,LAWRENCEVILLE,Gwinnett County DOT,County ROW,easiest,CONSTITUTION BLVD,,35.0,40,30.0,True,4,39.0,33.950637,-83.995067,"https://www.google.com/maps/@?api=1&map_action=pano&viewpoint=33.950637,-83.995067","https://www.google.com/maps/search/?api=1&query=33.950637,-83.995067"
3575,Peachtree Corners Cir & Jones Mill Spur,PEACHTREE CORNERS,Gwinnett County DOT,County ROW,easiest,PEACHTREE CORNERS CIR,,45.0,35,29.0,True,6,37.8,33.944953,-84.250665,"https://www.google.com/maps/@?api=1&map_action=pano&viewpoint=33.944953,-84.250665","https://www.google.com/maps/search/?api=1&query=33.944953,-84.250665"
3606,Peachtree Corners Cir & Davinci Ct IB,PEACHTREE CORNERS,Gwinnett County DOT,County ROW,easiest,PEACHTREE CORNERS CIR,,40.0,35,29.0,True,3,37.8,33.977442,-84.214405,"https://www.google.com/maps/@?api=1&map_action=pano&viewpoint=33.977442,-84.214405","https://www.google.com/maps/search/?api=1&query=33.977442,-84.214405"
3586,Holcomb Bridge Rd & The Centre Apts,PEACHTREE CORNERS,Gwinnett County DOT,County ROW,easiest,HOLCOMB BRIDGE RD,,40.0,35,29.0,True,14,37.8,33.95113,-84.239022,"https://www.google.com/maps/@?api=1&map_action=pano&viewpoint=33.95113,-84.239022","https://www.google.com/maps/search/?api=1&query=33.95113,-84.239022"
3577,Peachtree Corners Cir & Parton Ct,PEACHTREE CORNERS,Gwinnett County DOT,County ROW,easiest,PEACHTREE CORNERS CIR,,45.0,35,29.0,True,6,37.8,33.949602,-84.251576,"https://www.google.com/maps/@?api=1&map_action=pano&viewpoint=33.949602,-84.251576","https://www.google.com/maps/search/?api=1&query=33.949602,-84.251576"
3576,Peachtree Corners Cir & Gleanleaf Dr IB,PEACHTREE CORNERS,Gwinnett County DOT,County ROW,easiest,PEACHTREE CORNERS CIR,,45.0,35,29.0,True,5,37.8,33.947259,-84.251344,"https://www.google.com/maps/@?api=1&map_action=pano&viewpoint=33.947259,-84.251344","https://www.google.com/maps/search/?api=1&query=33.947259,-84.251344"
3557,N Norcross Tucker Rd & Pelican Dr IB,UNINCORPORATED,Gwinnett County DOT,County ROW,easiest,N NORCROSS TUCKER RD,,35.0,35,29.0,True,7,37.8,33.920871,-84.212701,"https://www.google.com/maps/@?api=1&map_action=pano&viewpoint=33.920871,-84.212701","https://www.google.com/maps/search/?api=1&query=33.920871,-84.212701"
3578,Peachtree Corners Cir & Bannor Ln,PEACHTREE CORNERS,Gwinnett County DOT,County ROW,easiest,PEACHTREE CORNERS CIR,,45.0,35,29.0,True,5,37.8,33.951068,-84.251134,"https://www.google.com/maps/@?api=1&map_action=pano&viewpoint=33.951068,-84.251134","https://www.google.com/maps/search/?api=1&query=33.951068,-84.251134"
3580,Peachtree Corners Cir & Brandywine Tr,PEACHTREE CORNERS,Gwinnett County DOT,County ROW,easiest,PEACHTREE CORNERS CIR,,45.0,35,29.0,True,3,37.8,33.956464,-84.248967,"https://www.google.com/maps/@?api=1&map_action=pano&viewpoint=33.956464,-84.248967","https://www.google.com/maps/search/?api=1&query=33.956464,-84.248967"
3574,Pechtree Corners Cir & Corners @ 1700 Ap,PEACHTREE CORNERS,Gwinnett County DOT,County ROW,easiest,PEACHTREE CORNERS CIR,,45.0,35,29.0,True,5,37.8,33.943686,-84.250311,"https://www.google.com/maps/@?api=1&map_action=pano&viewpoint=33.943686,-84.250311","https://www.google.com/maps/search/?api=1&query=33.943686,-84.250311"
3573,Peachtree Corners Cir & FIZZ IB,PEACHTREE CORNERS,Gwinnett County DOT,County ROW,easiest,PEACHTREE CORNERS CIR,,45.0,35,29.0,True,7,37.8,33.940739,-84.249252,"https://www.google.com/maps/@?api=1&map_action=pano&viewpoint=33.940739,-84.249252","https://www.google.com/maps/search/?api=1&query=33.940739,-84.249252"
3582,Holcomb Bridge Rd & Peachtree Corners Ci,PEACHTREE CORNERS,Gwinnett County DOT,County ROW,easiest,PEACHTREE CORNERS CIR,,45.0,35,29.0,True,5,37.8,33.958758,-84.246874,"https://www.google.com/maps/@?api=1&map_action=pano&viewpoint=33.958758,-84.246874","https://www.google.com/maps/search/?api=1&query=33.958758,-84.246874"
3581,Peachtree Corners Cir & Appletree Way IB,PEACHTREE CORNERS,Gwinnett County DOT,County ROW,easiest,PEACHTREE CORNERS CIR,,45.0,35,29.0,True,5,37.8,33.957525,-84.248173,"https://www.google.com/maps/@?api=1&map_action=pano&viewpoint=33.957525,-84.248173","https://www.google.com/maps/search/?api=1&query=33.957525,-84.248173"
3579,Peachtree Corners Cir & Kilnect Ct IB,PEACHTREE CORNERS,Gwinnett County DOT,County ROW,easiest,PEACHTREE CORNERS CIR,,45.0,35,29.0,True,8,37.8,33.952352,-84.250677,"https://www.google.com/maps/@?api=1&map_action=pano&viewpoint=33.952352,-84.250677","https://www.google.com/maps/search/?api=1&query=33.952352,-84.250677"
2052,Live Oak Pkwy & Brookside Apartments,UNINCORPORATED,Gwinnett County DOT,County ROW,easiest,LIVE OAK PKWY,,35.0,20,29.0,True,6,37.8,33.909378,-84.199281,"https://www.google.com/maps/@?api=1&map_action=pano&viewpoint=33.909378,-84.199281","https://www.google.com/maps/search/?api=1&query=33.909378,-84.199281"
2062,Brook Hollow Pkwy & Jimmy Carter Blvd OB,NORCROSS,Gwinnett County DOT,County ROW,easiest,BROOK HOLLOW PKWY,,45.0,20,29.0,True,3,37.8,33.918162,-84.207816,"https://www.google.com/maps/@?api=1&map_action=pano&viewpoint=33.918162,-84.207816","https://www.google.com/maps/search/?api=1&query=33.918162,-84.207816"
2058,Brook Hollow Pkwy & EBD OB,NORCROSS,Gwinnett County DOT,County ROW,easiest,BROOK HOLLOW PKWY,,45.0,20,29.0,True,3,37.8,33.920028,-84.198673,"https://www.google.com/maps/@?api=1&map_action=pano&viewpoint=33.920028,-84.198673","https://www.google.com/maps/search/?api=1&query=33.920028,-84.198673"
2051,Live Oak Pkwy & Live Oak Plaza OB,UNINCORPORATED,Gwinnett County DOT,County ROW,easiest,LIVE OAK PKWY,,35.0,20,29.0,True,5,37.8,33.907382,-84.202505,"https://www.google.com/maps/@?api=1&map_action=pano&viewpoint=33.907382,-84.202505","https://www.google.com/maps/search/?api=1&query=33.907382,-84.202505"
2049,Dawson Blvd &  Jimmy Carter Blvd,UNINCORPORATED,Gwinnett County DOT,County ROW,easiest,DAWSON BLVD,,30.0,20,29.0,True,10,37.8,33.907202,-84.206572,"https://www.google.com/maps/@?api=1&map_action=pano&viewpoint=33.907202,-84.206572","https://www.google.com/maps/search/?api=1&query=33.907202,-84.206572"
2057,Center Way & Reece  Supply OB,UNINCORPORATED,Gwinnett County DOT,County ROW,easiest,CENTER WAY,,35.0,20,29.0,True,3,37.8,33.916972,-84.196229,"https://www.google.com/maps/@?api=1&map_action=pano&viewpoint=33.916972,-84.196229","https://www.google.com/maps/search/?api=1&query=33.916972,-84.196229"
2059,Brook Hollow Pkwy & Spring Lake Apts OB,NORCROSS,Gwinnett County DOT,County ROW,easiest,BROOK HOLLOW PKWY,,45.0,20,29.0,True,5,37.8,33.920251,-84.200565,"https://www.google.com/maps/@?api=1&map_action=pano&viewpoint=33.920251,-84.200565","https://www.google.com/maps/search/?api=1&query=33.920251,-84.200565"
2060,Brook Hollow Pkwy &Victory World Church,NORCROSS,Gwinnett County DOT,County ROW,easiest,BROOK HOLLOW PKWY,,45.0,20,29.0,True,3,37.8,33.919692,-84.20283,"https://www.google.com/maps/@?api=1&map_action=pano&viewpoint=33.919692,-84.20283","https://www.google.com/maps/search/?api=1&query=33.919692,-84.20283"
2061,Brook Hollow Pkwy & Financial Dr OB,NORCROSS,Gwinnett County DOT,County ROW,easiest,BROOK HOLLOW PKWY,,45.0,20,29.0,True,4,37.8,33.918926,-84.204893,"https://www.google.com/maps/@?api=1&map_action=pano&viewpoint=33.918926,-84.204893","https://www.google.com/maps/search/?api=1&query=33.918926,-84.204893"
2053,Live Oak Pkwy & Oaklake Office Center,UNINCORPORATED,Gwinnett County DOT,County ROW,easiest,LIVE OAK PKWY,,35.0,20,29.0,True,3,37.8,33.910805,-84.199647,"https://www.google.com/maps/@?api=1&map_action=pano&viewpoint=33.910805,-84.199647","https://www.google.com/maps/search/?api=1&query=33.910805,-84.199647"
2037,Graves Rd & Downing Ln OB,UNINCORPORATED,Gwinnett County DOT,County ROW,easiest,GRAVES RD,,35.0,20,29.0,True,6,37.8,33.895574,-84.218289,"https://www.google.com/maps/@?api=1&map_action=pano&viewpoint=33.895574,-84.218289","https://www.google.com/maps/search/?api=1&query=33.895574,-84.218289"
2038,Graves Park Entrance (across),UNINCORPORATED,Gwinnett County DOT,County ROW,easiest,GRAVES RD,,35.0,20,29.0,True,3,37.8,33.897221,-84.220479,"https://www.google.com/maps/@?api=1&map_action=pano&viewpoint=33.897221,-84.220479","https://www.google.com/maps/search/?api=1&query=33.897221,-84.220479"
2055,Oakbrook Pkwy & Oakbrook Lake Dr OB,UNINCORPORATED,Gwinnett County DOT,County ROW,easiest,OAKBROOK PKWY,,45.0,20,29.0,True,12,37.8,33.91429,-84.19979,"https://www.google.com/maps/@?api=1&map_action=pano&viewpoint=33.91429,-84.19979","https://www.google.com/maps/search/?api=1&query=33.91429,-84.19979"
2054,Live Oak Pkwy at Lakeside Corporate Ct,UNINCORPORATED,Gwinnett County DOT,County ROW,easiest,LIVE OAK PKWY,,35.0,20,29.0,True,7,37.8,33.912347,-84.200491,"https://www.google.com/maps/@?api=1&map_action=pano&viewpoint=33.912347,-84.200491","https://www.google.com/maps/search/?api=1&query=33.912347,-84.200491"
2041,Graves Rd & McDonough Dr OB,UNINCORPORATED,Gwinnett County DOT,County ROW,easiest,GRAVES RD,,35.0,20,29.0,True,4,37.8,33.90262,-84.222407,"https://www.google.com/maps/@?api=1&map_action=pano&viewpoint=33.90262,-84.222407","https://www.google.com/maps/search/?api=1&query=33.90262,-84.222407"
2042,McDonough Dr & DACA Specialty Svc OB,UNINCORPORATED,Gwinnett County DOT,County ROW,easiest,MCDONOUGH DR,,40.0,20,29.0,True,5,37.8,33.904115,-84.219755,"https://www.google.com/maps/@?api=1&map_action=pano&viewpoint=33.904115,-84.219755","https://www.google.com/maps/search/?api=1&query=33.904115,-84.219755"
2043,McDonough Dr & Webb Dr OB,UNINCORPORATED,Gwinnett County DOT,County ROW,easiest,MCDONOUGH DR,,40.0,20,29.0,True,5,37.8,33.904893,-84.218495,"https://www.google.com/maps/@?api=1&map_action=pano&viewpoint=33.904893,-84.218495","https://www.google.com/maps/search/?api=1&query=33.904893,-84.218495"
2056,Oakbrook Pkwy & Oakbrook Dr,UNINCORPORATED,Gwinnett County DOT,County ROW,easiest,OAKBROOK PKWY,,45.0,20,29.0,True,3,37.8,33.915241,-84.197797,"https://www.google.com/maps/@?api=1&map_action=pano&viewpoint=33.915241,-84.197797","https://www.google.com/maps/search/?api=1&query=33.915241,-84.197797"
2045,McDonough Dr & Fit Food (across),UNINCORPORATED,Gwinnett County DOT,County ROW,easiest,MCDONOUGH DR,,40.0,20,29.0,True,15,37.8,33.908174,-84.213434,"https://www.google.com/maps/@?api=1&map_action=pano&viewpoint=33.908174,-84.213434","https://www.google.com/maps/search/?api=1&query=33.908174,-84.213434"
2046,McDonough Dr & Wilwat Dr (past street),UNINCORPORATED,Gwinnett County DOT,County ROW,easiest,MCDONOUGH DR,,40.0,20,29.0,True,5,37.8,33.909137,-84.211414,"https://www.google.com/maps/@?api=1&map_action=pano&viewpoint=33.909137,-84.211414","https://www.google.com/maps/search/?api=1&query=33.909137,-84.211414"
2048,Dawson Blvd & Gateway Business Park,UNINCORPORATED,Gwinnett County DOT,County ROW,easiest,DAWSON BLVD,,30.0,20,29.0,True,12,37.8,33.908049,-84.208551,"https://www.google.com/maps/@?api=1&map_action=pano&viewpoint=33.908049,-84.208551","https://www.google.com/maps/search/?api=1&query=33.908049,-84.208551"
2033,Norcross Tucker Rd & Crestwood Apts,UNINCORPORATED,Gwinnett County DOT,County ROW,easiest,S NORCROSS TUCKER RD,,35.0,20,29.0,True,4,37.8,33.897534,-84.208952,"https://www.google.com/maps/@?api=1&map_action=pano&viewpoint=33.897534,-84.208952","https://www.google.com/maps/search/?api=1&query=33.897534,-84.208952"
2034,S Norcross Tucker Rd & Graves Rd OB,UNINCORPORATED,Gwinnett County DOT,County ROW,easiest,S NORCROSS TUCKER RD,,35.0,20,29.0,True,4,37.8,33.895624,-84.210235,"https://www.google.com/maps/@?api=1&map_action=pano&viewpoint=33.895624,-84.210235","https://www.google.com/maps/search/?api=1&query=33.895624,-84.210235"
2035,Graves Rd & Sienna Heights Apts OB,UNINCORPORATED,Gwinnett County DOT,County ROW,easiest,GRAVES RD,,35.0,20,29.0,True,12,37.8,33.89526,-84.212562,"https://www.google.com/maps/@?api=1&map_action=pano&viewpoint=33.89526,-84.212562","https://www.google.com/maps/search/?api=1&query=33.89526,-84.212562"
2036,Graves Rd & Marquis Estates Apts OB,UNINCORPORATED,Gwinnett County DOT,County ROW,easiest,GRAVES RD,,35.0,20,29.0,True,9,37.8,33.8952,-84.216259,"https://www.google.com/maps/@?api=1&map_action=pano&viewpoint=33.8952,-84.216259","https://www.google.com/maps/search/?api=1&query=33.8952,-84.216259"
2044,McDonough Dr & Young Ct OB,UNINCORPORATED,Gwinnett County DOT,County ROW,easiest,MCDONOUGH DR,,40.0,20,29.0,True,6,37.8,33.907037,-84.215805,"https://www.google.com/maps/@?api=1&map_action=pano&viewpoint=33.907037,-84.215805","https://www.google.com/maps/search/?api=1&query=33.907037,-84.215805"
2021,Singleton Rd & Robin Hill Dr OB,UNINCORPORATED,Gwinnett County DOT,County ROW,easiest,SINGLETON RD,,40.0,20,29.0,True,7,37.8,33.909644,-84.178888,"https://www.google.com/maps/@?api=1&map_action=pano&viewpoint=33.909644,-84.178888","https://www.google.com/maps/search/?api=1&query=33.909644,-84.178888"
2020,Singleton Rd & Turners Ridge Dr,UNINCORPORATED,Gwinnett County DOT,County ROW,easiest,SINGLETON RD,,40.0,20,29.0,True,8,37.8,33.909905,-84.176956,"https://www.google.com/maps/@?api=1&map_action=pano&viewpoint=33.909905,-84.176956","https://www.google.com/maps/search/?api=1&query=33.909905,-84.176956"
2019,Singleton Rd & Reddington Ln OB,UNINCORPORATED,Gwinnett County DOT,County ROW,easiest,SINGLETON RD,,40.0,20,29.0,True,4,37.8,33.910329,-84.174524,"https://www.google.com/maps/@?api=1&map_action=pano&viewpoint=33.910329,-84.174524","https://www.google.com/maps/search/?api=1&query=33.910329,-84.174524"
2018,Singleton Rd & Country Downs Dr OB,UNINCORPORATED,Gwinnett County DOT,County ROW,easiest,SINGLETON RD,,40.0,20,29.0,True,6,37.8,33.910655,-84.173459,"https://www.google.com/maps/@?api=1&map_action=pano&viewpoint=33.910655,-84.173459","https://www.google.com/maps/search/?api=1&query=33.910655,-84.173459"
2017,Singleton Rd & Hydaburg Lane OB,UNINCORPORATED,Gwinnett County DOT,County ROW,easiest,SINGLETON RD,,40.0,20,29.0,True,5,37.8,33.911513,-84.169825,"https://www.google.com/maps/@?api=1&map_action=pano&viewpoint=33.911513,-84.169825","https://www.google.com/maps/search/?api=1&query=33.911513,-84.169825"
2032,S Norcross Tucker Rd & Danbury Dr OB,UNINCORPORATED,Gwinnett County DOT,County ROW,easiest,S NORCROSS TUCKER RD,,35.0,20,29.0,True,6,37.8,33.899288,-84.207372,"https://www.google.com/maps/@?api=1&map_action=pano&viewpoint=33.899288,-84.207372","https://www.google.com/maps/search/?api=1&query=33.899288,-84.207372"
2031,S Norcross Tucker Rd & Rest. Las Islitas,UNINCORPORATED,Gwinnett County DOT,County ROW,easiest,S NORCROSS TUCKER RD,,35.0,20,29.0,True,12,37.8,33.901278,-84.206066,"https://www.google.com/maps/@?api=1&map_action=pano&viewpoint=33.901278,-84.206066","https://www.google.com/maps/search/?api=1&query=33.901278,-84.206066"
2029,Singleton Rd & Thompson Pkwy (QT),UNINCORPORATED,Gwinnett County DOT,County ROW,easiest,SINGLETON RD,,40.0,20,29.0,True,8,37.8,33.90515,-84.200703,"https://www.google.com/maps/@?api=1&map_action=pano&viewpoint=33.90515,-84.200703","https://www.google.com/maps/search/?api=1&query=33.90515,-84.200703"
2025,Singleton Rd & Stonewood Dr OB,UNINCORPORATED,Gwinnett County DOT,County ROW,easiest,SINGLETON RD,,40.0,20,29.0,True,5,37.8,33.908435,-84.188492,"https://www.google.com/maps/@?api=1&map_action=pano&viewpoint=33.908435,-84.188492","https://www.google.com/maps/search/?api=1&query=33.908435,-84.188492"
2028,Singleton Rd & The Chelsea Apts OB,UNINCORPORATED,Gwinnett County DOT,County ROW,easiest,SINGLETON RD,,40.0,20,29.0,True,7,37.8,33.90746,-84.195799,"https://www.google.com/maps/@?api=1&map_action=pano&viewpoint=33.90746,-84.195799","https://www.google.com/maps/search/?api=1&query=33.90746,-84.195799"
2027,Singleton Rd & Pirkle Rd OB,UNINCORPORATED,Gwinnett County DOT,County ROW,easiest,SINGLETON RD,,40.0,20,29.0,True,8,37.8,33.908259,-84.191977,"https://www.google.com/maps/@?api=1&map_action=pano&viewpoint=33.908259,-84.191977","https://www.google.com/maps/search/?api=1&query=33.908259,-84.191977"
2026,Singleton Rd & Button Gwinnett Pl OB,UNINCORPORATED,Gwinnett County DOT,County ROW,easiest,SINGLETON RD,,40.0,20,29.0,True,6,37.8,33.908302,-84.190781,"https://www.google.com/maps/@?api=1&map_action=pano&viewpoint=33.908302,-84.190781","https://www.google.com/maps/search/?api=1&query=33.908302,-84.190781"
2039,Graves Rd & East Windsor Ln,UNINCORPORATED,Gwinnett County DOT,County ROW,easiest,GRAVES RD,,35.0,20,29.0,True,8,37.8,33.899296,-84.22067,"https://www.google.com/maps/@?api=1&map_action=pano&viewpoint=33.899296,-84.22067","https://www.google.com/maps/search/?api=1&query=33.899296,-84.22067"
2040,Graves Rd & Champoins Park Apts OB,UNINCORPORATED,Gwinnett County DOT,County ROW,easiest,GRAVES RD,,35.0,20,29.0,True,5,37.8,33.901694,-84.221327,"https://www.google.com/maps/@?api=1&map_action=pano&viewpoint=33.901694,-84.221327","https://www.google.com/maps/search/?api=1&query=33.901694,-84.221327"
2024,Singleton Rd & Harbins Ridge Dr OB,UNINCORPORATED,Gwinnett County DOT,County ROW,easiest,SINGLETON RD,,40.0,20,29.0,True,6,37.8,33.908462,-84.187042,"https://www.google.com/maps/@?api=1&map_action=pano&viewpoint=33.908462,-84.187042","https://www.google.com/maps/search/?api=1&query=33.908462,-84.187042"
2022,Singleton Rd & Gladiator Drive OB,UNINCORPORATED,Gwinnett County DOT,County ROW,easiest,SINGLETON RD,,40.0,20,29.0,True,7,37.8,33.909091,-84.180619,"https://www.google.com/maps/@?api=1&map_action=pano&viewpoint=33.909091,-84.180619","https://www.google.com/maps/search/?api=1&query=33.909091,-84.180619"
2005,Mitchell Rd & Station Cir (across),NORCROSS,Gwinnett County DOT,County ROW,easiest,MITCHELL RD,,45.0,20,29.0,True,3,37.8,33.926393,-84.194557,"https://www.google.com/maps/@?api=1&map_action=pano&viewpoint=33.926393,-84.194557","https://www.google.com/maps/search/?api=1&query=33.926393,-84.194557"
2004,Mithcell Rd & Goodwick Way (across),NORCROSS,Gwinnett County DOT,County ROW,easiest,MITCHELL RD,,45.0,20,29.0,True,6,37.8,33.928291,-84.196165,"https://www.google.com/maps/@?api=1&map_action=pano&viewpoint=33.928291,-84.196165","https://www.google.com/maps/search/?api=1&query=33.928291,-84.196165"
2003,Mitchell Rd & Co-Op Ministry,NORCROSS,Gwinnett County DOT,County ROW,easiest,MITCHELL RD,,45.0,20,29.0,True,5,37.8,33.931957,-84.200735,"https://www.google.com/maps/@?api=1&map_action=pano&viewpoint=33.931957,-84.200735","https://www.google.com/maps/search/?api=1&query=33.931957,-84.200735"
2002,Mitchell Rd & Everglades Tr (Shell),NORCROSS,Gwinnett County DOT,County ROW,easiest,MITCHELL RD,,45.0,20,29.0,True,4,37.8,33.934653,-84.202515,"https://www.google.com/maps/@?api=1&map_action=pano&viewpoint=33.934653,-84.202515","https://www.google.com/maps/search/?api=1&query=33.934653,-84.202515"
2001,Mitchell Rd & Price Pl OB,NORCROSS,Gwinnett County DOT,County ROW,easiest,MITCHELL RD,,35.0,20,29.0,True,2,37.8,33.938048,-84.205973,"https://www.google.com/maps/@?api=1&map_action=pano&viewpoint=33.938048,-84.205973","https://www.google.com/maps/search/?api=1&query=33.938048,-84.205973"
2016,Singleton Rd & Sugarwood Ln,UNINCORPORATED,Gwinnett County DOT,County ROW,easiest,SINGLETON RD,,40.0,20,29.0,True,6,37.8,33.913094,-84.166745,"https://www.google.com/maps/@?api=1&map_action=pano&viewpoint=33.913094,-84.166745","https://www.google.com/maps/search/?api=1&query=33.913094,-84.166745"
2014,Indian Trail Rd & TreeTrl Village Plz,UNINCORPORATED,Gwinnett County DOT,County ROW,easiest,INDIAN TRAIL LILBURN RD,,45.0,20,29.0,True,5,37.8,33.916685,-84.163945,"https://www.google.com/maps/@?api=1&map_action=pano&viewpoint=33.916685,-84.163945","https://www.google.com/maps/search/?api=1&query=33.916685,-84.163945"
2013,Indian Trail Rd & GA Belle Ct,UNINCORPORATED,Gwinnett County DOT,County ROW,easiest,INDIAN TRAIL LILBURN RD,,45.0,20,29.0,True,5,37.8,33.919412,-84.167213,"https://www.google.com/maps/@?api=1&map_action=pano&viewpoint=33.919412,-84.167213","https://www.google.com/maps/search/?api=1&query=33.919412,-84.167213"
2009,Indian Trail Rd & Willow Trail Pkwy OB,UNINCORPORATED,Gwinnett County DOT,County ROW,easiest,INDIAN TRAIL LILBURN RD,,45.0,20,29.0,True,7,37.8,33.926156,-84.174902,"https://www.google.com/maps/@?api=1&map_action=pano&viewpoint=33.926156,-84.174902","https://www.google.com/maps/search/?api=1&query=33.926156,-84.174902"
2012,Indian Trail Rd & GACS (2nd Entrance) OB,UNINCORPORATED,Gwinnett County DOT,County ROW,easiest,INDIAN TRAIL LILBURN RD,,45.0,20,29.0,True,4,37.8,33.920984,-84.170004,"https://www.google.com/maps/@?api=1&map_action=pano&viewpoint=33.920984,-84.170004","https://www.google.com/maps/search/?api=1&query=33.920984,-84.170004"
2011,Indian Trail Rd & GACS (1st Entrance) OB,UNINCORPORATED,Gwinnett County DOT,County ROW,easiest,INDIAN TRAIL LILBURN RD,,45.0,20,29.0,True,3,37.8,33.921947,-84.171598,"https://www.google.com/maps/@?api=1&map_action=pano&viewpoint=33.921947,-84.171598","https://www.google.com/maps/search/?api=1&query=33.921947,-84.171598"
2010,Indian Trail Rd & KFC/WF,UNINCORPORATED,Gwinnett County DOT,County ROW,easiest,INDIAN TRAIL LILBURN RD,,45.0,20,29.0,True,7,37.8,33.922851,-84.172578,"https://www.google.com/maps/@?api=1&map_action=pano&viewpoint=33.922851,-84.172578","https://www.google.com/maps/search/?api=1&query=33.922851,-84.172578"
2023,Singleton Rd & Harbins Rd (before light),UNINCORPORATED,Gwinnett County DOT,County ROW,easiest,SINGLETON RD,,40.0,20,29.0,True,6,37.8,33.908456,-84.183069,"https://www.google.com/maps/@?api=1&map_action=pano&viewpoint=33.908456,-84.183069","https://www.google.com/maps/search/?api=1&query=33.908456,-84.183069"
2007,Brook Hollow Pkwy & Pinnacle Way OB,NORCROSS,Gwinnett County DOT,County ROW,easiest,BROOK HOLLOW PKWY,,45.0,20,29.0,True,5,37.8,33.927681,-84.183172,"https://www.google.com/maps/@?api=1&map_action=pano&viewpoint=33.927681,-84.183172","https://www.google.com/maps/search/?api=1&query=33.927681,-84.183172"
2008,Brook Hollow Pkwy & Indian Trail Rd OB,NORCROSS,Gwinnett County DOT,County ROW,easiest,BROOK HOLLOW PKWY,,45.0,20,29.0,True,6,37.8,33.930044,-84.178136,"https://www.google.com/maps/@?api=1&map_action=pano&viewpoint=33.930044,-84.178136","https://www.google.com/maps/search/?api=1&query=33.930044,-84.178136"
2006,Brook Hollow Pkwy & Mitchell Rd OB,NORCROSS,Gwinnett County DOT,County ROW,easiest,BROOK HOLLOW PKWY,,45.0,20,29.0,True,2,37.8,33.923052,-84.188546,"https://www.google.com/maps/@?api=1&map_action=pano&viewpoint=33.923052,-84.188546","https://www.google.com/maps/search/?api=1&query=33.923052,-84.188546"
2047,McDonough Dr & Dawson Blvd,UNINCORPORATED,Gwinnett County DOT,County ROW,easiest,MCDONOUGH DR,,40.0,20,29.0,False,8,0.0,33.909557,-84.209554,"https://www.google.com/maps/@?api=1&map_action=pano&viewpoint=33.909557,-84.209554","https://www.google.com/maps/search/?api=1&query=33.909557,-84.209554"
3054,Jimmy Carter Blvd & Everest Tr OB,UNINCORPORATED,Gwinnett County DOT,County ROW,easiest,JIMMY CARTER BLVD,,45.0,30,28.0,True,7,36.6,33.877767,-84.188564,"https://www.google.com/maps/@?api=1&map_action=pano&viewpoint=33.877767,-84.188564","https://www.google.com/maps/search/?api=1&query=33.877767,-84.188564"
3055,Jimmy Carter Blvd & Wandering Way,UNINCORPORATED,Gwinnett County DOT,County ROW,easiest,JIMMY CARTER BLVD,,45.0,30,28.0,True,4,36.6,33.880857,-84.189511,"https://www.google.com/maps/@?api=1&map_action=pano&viewpoint=33.880857,-84.189511","https://www.google.com/maps/search/?api=1&query=33.880857,-84.189511"
4081,Gwinnett Dr & HS Football Field,LAWRENCEVILLE,Gwinnett County DOT,County ROW,easiest,GWINNETT DR,,40.0,40,28.0,True,6,36.6,33.948036,-83.99822,"https://www.google.com/maps/@?api=1&map_action=pano&viewpoint=33.948036,-83.99822","https://www.google.com/maps/search/?api=1&query=33.948036,-83.99822"
4082,Gwinnett Dr & Police Security Bldg,LAWRENCEVILLE,Gwinnett County DOT,County ROW,easiest,GWINNETT DR,,40.0,40,28.0,True,7,36.6,33.9466,-83.997146,"https://www.google.com/maps/@?api=1&map_action=pano&viewpoint=33.9466,-83.997146","https://www.google.com/maps/search/?api=1&query=33.9466,-83.997146"
4086,Gwinnett Dr & Kroger Shopping IB,LAWRENCEVILLE,Gwinnett County DOT,County ROW,easiest,GWINNETT DR,,40.0,40,28.0,True,8,36.6,33.940172,-83.984931,"https://www.google.com/maps/@?api=1&map_action=pano&viewpoint=33.940172,-83.984931","https://www.google.com/maps/search/?api=1&query=33.940172,-83.984931"
4071,Sugarloaf Pkwy & Prodigy Point,LAWRENCEVILLE,Gwinnett County DOT,County ROW,easiest,SUGARLOAF PKWY,,45.0,40,28.0,True,4,36.6,33.925582,-84.019658,"https://www.google.com/maps/@?api=1&map_action=pano&viewpoint=33.925582,-84.019658","https://www.google.com/maps/search/?api=1&query=33.925582,-84.019658"
4072,Sugarloaf Pkwy & Dunnhill Dr,UNINCORPORATED,Gwinnett County DOT,County ROW,easiest,SUGARLOAF PKWY,,45.0,40,28.0,True,2,36.6,33.928001,-84.024913,"https://www.google.com/maps/@?api=1&map_action=pano&viewpoint=33.928001,-84.024913","https://www.google.com/maps/search/?api=1&query=33.928001,-84.024913"
4073,Lawrenceville Suwanee & Radio Shack,LAWRENCEVILLE,Gwinnett County DOT,County ROW,easiest,LAWRENCEVILLE SUWANEE RD,,45.0,40,28.0,True,3,36.6,33.935493,-84.028218,"https://www.google.com/maps/@?api=1&map_action=pano&viewpoint=33.935493,-84.028218","https://www.google.com/maps/search/?api=1&query=33.935493,-84.028218"
4101,Philip Blvd & Walther Rd IB,LAWRENCEVILLE,Gwinnett County DOT,County ROW,easiest,PHILIP BLVD,,30.0,40,28.0,True,7,36.6,33.968688,-84.006521,"https://www.google.com/maps/@?api=1&map_action=pano&viewpoint=33.968688,-84.006521","https://www.google.com/maps/search/?api=1&query=33.968688,-84.006521"
4102,Philip Blvd & Katherine Oak Ct IB,LAWRENCEVILLE,Gwinnett County DOT,County ROW,easiest,PHILIP BLVD,,30.0,40,28.0,True,2,36.6,33.967677,-84.010446,"https://www.google.com/maps/@?api=1&map_action=pano&viewpoint=33.967677,-84.010446","https://www.google.com/maps/search/?api=1&query=33.967677,-84.010446"
4091,Nash St & Culver St,LAWRENCEVILLE,Gwinnett County DOT,County ROW,easiest,NASH ST,,35.0,40,28.0,True,7,36.6,33.950482,-83.990039,"https://www.google.com/maps/@?api=1&map_action=pano&viewpoint=33.950482,-83.990039","https://www.google.com/maps/search/?api=1&query=33.950482,-83.990039"
4092,Gwinnett Justice & Admin Center,LAWRENCEVILLE,Gwinnett County DOT,County ROW,easiest,LANGLEY DR,,35.0,40,28.0,True,4,36.6,33.952172,-83.992756,"https://www.google.com/maps/@?api=1&map_action=pano&viewpoint=33.952172,-83.992756","https://www.google.com/maps/search/?api=1&query=33.952172,-83.992756"
4093,Langley Dr & Constitutional Blvd IB,LAWRENCEVILLE,Gwinnett County DOT,County ROW,easiest,LANGLEY DR,,35.0,40,28.0,True,4,36.6,33.95249,-83.99459,"https://www.google.com/maps/@?api=1&map_action=pano&viewpoint=33.95249,-83.99459","https://www.google.com/maps/search/?api=1&query=33.95249,-83.99459"
4094,Langley Dr & Methodist Church,LAWRENCEVILLE,Gwinnett County DOT,County ROW,easiest,LANGLEY DR,,35.0,40,28.0,True,9,36.6,33.954712,-83.997162,"https://www.google.com/maps/@?api=1&map_action=pano&viewpoint=33.954712,-83.997162","https://www.google.com/maps/search/?api=1&query=33.954712,-83.997162"
2085,Brook Hollow Pkwy & FedEx Entrance,UNINCORPORATED,Gwinnett County DOT,County ROW,easiest,BROOK HOLLOW PKWY,,45.0,20,28.0,True,6,36.6,33.919148,-84.212825,"https://www.google.com/maps/@?api=1&map_action=pano&viewpoint=33.919148,-84.212825","https://www.google.com/maps/search/?api=1&query=33.919148,-84.212825"
4104,Prof Dr & Second Four Way Stop Sign IB,LAWRENCEVILLE,Gwinnett County DOT,County ROW,easiest,PROFESSIONAL DR,,25.0,40,28.0,True,4,36.6,33.961546,-84.018547,"https://www.google.com/maps/@?api=1&map_action=pano&viewpoint=33.961546,-84.018547","https://www.google.com/maps/search/?api=1&query=33.961546,-84.018547"
4108,Old Norcross Rd & Riverside Pkwy IB,LAWRENCEVILLE,Gwinnett County DOT,County ROW,easiest,OLD NORCROSS RD,,45.0,40,28.0,True,2,36.6,33.95347,-84.02731,"https://www.google.com/maps/@?api=1&map_action=pano&viewpoint=33.95347,-84.02731","https://www.google.com/maps/search/?api=1&query=33.95347,-84.02731"
4109,Old Norcross Rd & Benefield Elementary,LAWRENCEVILLE,Gwinnett County DOT,County ROW,easiest,OLD NORCROSS RD,,45.0,40,28.0,True,3,36.6,33.954167,-84.031913,"https://www.google.com/maps/@?api=1&map_action=pano&viewpoint=33.954167,-84.031913","https://www.google.com/maps/search/?api=1&query=33.954167,-84.031913"
4110,Old Norcross Rd & Discovery HS IB,UNINCORPORATED,Gwinnett County DOT,County ROW,easiest,OLD NORCROSS RD,,45.0,40,28.0,True,1,36.6,33.954335,-84.036771,"https://www.google.com/maps/@?api=1&map_action=pano&viewpoint=33.954335,-84.036771","https://www.google.com/maps/search/?api=1&query=33.954335,-84.036771"
4121,Atkinson Rd & Farmwood Dr,UNINCORPORATED,Gwinnett County DOT,County ROW,easiest,ATKINSON RD,,45.0,40,28.0,True,4,36.6,33.97315,-84.07692,"https://www.google.com/maps/@?api=1&map_action=pano&viewpoint=33.97315,-84.07692","https://www.google.com/maps/search/?api=1&query=33.97315,-84.07692"
4111,Old Norcross Rd & Burnham Ridge,UNINCORPORATED,Gwinnett County DOT,County ROW,easiest,OLD NORCROSS RD,,45.0,40,28.0,True,3,36.6,33.954042,-84.039077,"https://www.google.com/maps/@?api=1&map_action=pano&viewpoint=33.954042,-84.039077","https://www.google.com/maps/search/?api=1&query=33.954042,-84.039077"
4112,Old Norcross Rd & Tipton Industrial Dr,UNINCORPORATED,Gwinnett County DOT,County ROW,easiest,OLD NORCROSS RD,,45.0,40,28.0,True,2,36.6,33.953844,-84.041955,"https://www.google.com/maps/@?api=1&map_action=pano&viewpoint=33.953844,-84.041955","https://www.google.com/maps/search/?api=1&query=33.953844,-84.041955"
4113,Old Norcross Rd & Cntry @Sugarloaf Apts,UNINCORPORATED,Gwinnett County DOT,County ROW,easiest,OLD NORCROSS RD,,45.0,40,28.0,True,16,36.6,33.953845,-84.044182,"https://www.google.com/maps/@?api=1&map_action=pano&viewpoint=33.953845,-84.044182","https://www.google.com/maps/search/?api=1&query=33.953845,-84.044182"
4114,Old Norcross Rd & Sugarloaf Pkwy,UNINCORPORATED,Gwinnett County DOT,County ROW,easiest,OLD NORCROSS RD,,45.0,40,28.0,True,4,36.6,33.953131,-84.050643,"https://www.google.com/maps/@?api=1&map_action=pano&viewpoint=33.953131,-84.050643","https://www.google.com/maps/search/?api=1&query=33.953131,-84.050643"
4115,Sugarloaf Pkwy & Arbys,UNINCORPORATED,Gwinnett County DOT,County ROW,easiest,SUGARLOAF PKWY,,45.0,40,28.0,True,5,36.6,33.955098,-84.053509,"https://www.google.com/maps/@?api=1&map_action=pano&viewpoint=33.955098,-84.053509","https://www.google.com/maps/search/?api=1&query=33.955098,-84.053509"
4116,Sugarloaf Pkwy & Marathon Blvd (McD's),UNINCORPORATED,Gwinnett County DOT,County ROW,easiest,SUGARLOAF PKWY,,45.0,40,28.0,True,4,36.6,33.955918,-84.056698,"https://www.google.com/maps/@?api=1&map_action=pano&viewpoint=33.955918,-84.056698","https://www.google.com/maps/search/?api=1&query=33.955918,-84.056698"
4118,Sugarloaf Pkwy & Cortland Apts,UNINCORPORATED,Gwinnett County DOT,County ROW,easiest,SUGARLOAF PKWY,,45.0,40,28.0,True,5,36.6,33.966102,-84.066597,"https://www.google.com/maps/@?api=1&map_action=pano&viewpoint=33.966102,-84.066597","https://www.google.com/maps/search/?api=1&query=33.966102,-84.066597"
3057,Jimmy Carter Blvd & Meadowbrook Dr OB,UNINCORPORATED,Gwinnett County DOT,County ROW,easiest,JIMMY CARTER BLVD,,45.0,30,28.0,True,8,36.6,33.887916,-84.193896,"https://www.google.com/maps/@?api=1&map_action=pano&viewpoint=33.887916,-84.193896","https://www.google.com/maps/search/?api=1&query=33.887916,-84.193896"
3058,Jimmy Carter Blvd & NAPA,UNINCORPORATED,Gwinnett County DOT,County ROW,easiest,JIMMY CARTER BLVD,,40.0,30,28.0,True,7,36.6,33.892451,-84.196048,"https://www.google.com/maps/@?api=1&map_action=pano&viewpoint=33.892451,-84.196048","https://www.google.com/maps/search/?api=1&query=33.892451,-84.196048"
3059,Jimmy Carter Blvd & WalMart OB,UNINCORPORATED,Gwinnett County DOT,County ROW,easiest,JIMMY CARTER BLVD,,40.0,30,28.0,True,7,36.6,33.894429,-84.196599,"https://www.google.com/maps/@?api=1&map_action=pano&viewpoint=33.894429,-84.196599","https://www.google.com/maps/search/?api=1&query=33.894429,-84.196599"
3061,Jimmy Carter Blvd & Tracey Valley Dr,UNINCORPORATED,Gwinnett County DOT,County ROW,easiest,JIMMY CARTER BLVD,,40.0,30,28.0,True,7,36.6,33.899234,-84.202789,"https://www.google.com/maps/@?api=1&map_action=pano&viewpoint=33.899234,-84.202789","https://www.google.com/maps/search/?api=1&query=33.899234,-84.202789"
3062,Jimmy Carter Blvd & Dunkin Donuts OB,UNINCORPORATED,Gwinnett County DOT,County ROW,easiest,JIMMY CARTER BLVD,,40.0,30,28.0,True,8,36.6,33.904093,-84.205534,"https://www.google.com/maps/@?api=1&map_action=pano&viewpoint=33.904093,-84.205534","https://www.google.com/maps/search/?api=1&query=33.904093,-84.205534"
3053,Jimmy Carter Blvd & Mr. Clean Carwash,UNINCORPORATED,Gwinnett County DOT,County ROW,easiest,JIMMY CARTER BLVD,,45.0,30,28.0,True,5,36.6,33.871939,-84.187814,"https://www.google.com/maps/@?api=1&map_action=pano&viewpoint=33.871939,-84.187814","https://www.google.com/maps/search/?api=1&query=33.871939,-84.187814"
3056,Jimmy Carter Blvd & Williams Rd,UNINCORPORATED,Gwinnett County DOT,County ROW,easiest,JIMMY CARTER BLVD,,45.0,30,28.0,True,7,36.6,33.885043,-84.191321,"https://www.google.com/maps/@?api=1&map_action=pano&viewpoint=33.885043,-84.191321","https://www.google.com/maps/search/?api=1&query=33.885043,-84.191321"
3007,Sweetwater Rd & Pleasant Hill Rd,UNINCORPORATED,Gwinnett County DOT,County ROW,easiest,SWEETWATER RD,,35.0,30,28.0,True,6,36.6,33.943483,-84.12529,"https://www.google.com/maps/@?api=1&map_action=pano&viewpoint=33.943483,-84.12529","https://www.google.com/maps/search/?api=1&query=33.943483,-84.12529"
3008,Sweetwater Rd & Club Drive OB,UNINCORPORATED,Gwinnett County DOT,County ROW,easiest,SWEETWATER RD,,35.0,30,28.0,True,5,36.6,33.942298,-84.127109,"https://www.google.com/maps/@?api=1&map_action=pano&viewpoint=33.942298,-84.127109","https://www.google.com/maps/search/?api=1&query=33.942298,-84.127109"
3009,Club Dr & Crestwood Pkwy OB,UNINCORPORATED,Gwinnett County DOT,County ROW,easiest,CLUB DR,,40.0,30,28.0,True,3,36.6,33.942392,-84.132337,"https://www.google.com/maps/@?api=1&map_action=pano&viewpoint=33.942392,-84.132337","https://www.google.com/maps/search/?api=1&query=33.942392,-84.132337"
3010,Club Dr & Steve Reynolds Blvd OB,UNINCORPORATED,Gwinnett County DOT,County ROW,easiest,CLUB DR,,40.0,30,28.0,True,4,36.6,33.94233,-84.135433,"https://www.google.com/maps/@?api=1&map_action=pano&viewpoint=33.94233,-84.135433","https://www.google.com/maps/search/?api=1&query=33.94233,-84.135433"
3011,Club Dr & Shackleford Rd,UNINCORPORATED,Gwinnett County DOT,County ROW,easiest,CLUB DR,,40.0,30,28.0,True,1,36.6,33.942784,-84.140384,"https://www.google.com/maps/@?api=1&map_action=pano&viewpoint=33.942784,-84.140384","https://www.google.com/maps/search/?api=1&query=33.942784,-84.140384"
3012,Shackleford Rd & Corporate Dr OB,UNINCORPORATED,Gwinnett County DOT,County ROW,easiest,SHACKLEFORD RD,,45.0,30,28.0,True,4,36.6,33.941555,-84.145698,"https://www.google.com/maps/@?api=1&map_action=pano&viewpoint=33.941555,-84.145698","https://www.google.com/maps/search/?api=1&query=33.941555,-84.145698"
3013,Shackleford Rd & Doan Way OB,UNINCORPORATED,Gwinnett County DOT,County ROW,easiest,SHACKLEFORD RD,,45.0,30,28.0,True,3,36.6,33.940294,-84.148133,"https://www.google.com/maps/@?api=1&map_action=pano&viewpoint=33.940294,-84.148133","https://www.google.com/maps/search/?api=1&query=33.940294,-84.148133"
3029,Burns Rd & Jacksons Mill Way,UNINCORPORATED,Gwinnett County DOT,County ROW,easiest,BURNS RD,,35.0,30,28.0,True,4,36.6,33.906479,-84.144542,"https://www.google.com/maps/@?api=1&map_action=pano&viewpoint=33.906479,-84.144542","https://www.google.com/maps/search/?api=1&query=33.906479,-84.144542"
3030,Burns Rd & Springwood Dr,UNINCORPORATED,Gwinnett County DOT,County ROW,easiest,BURNS RD,,35.0,30,28.0,True,7,36.6,33.907412,-84.142616,"https://www.google.com/maps/@?api=1&map_action=pano&viewpoint=33.907412,-84.142616","https://www.google.com/maps/search/?api=1&query=33.907412,-84.142616"
3015,Park Dr & Gwinnett Park Sign (across),UNINCORPORATED,Gwinnett County DOT,County ROW,easiest,PARK DR,,35.0,30,28.0,True,2,36.6,33.936245,-84.149487,"https://www.google.com/maps/@?api=1&map_action=pano&viewpoint=33.936245,-84.149487","https://www.google.com/maps/search/?api=1&query=33.936245,-84.149487"
3018,Steve Reynolds Blvd & Beaver Ruin Rd,UNINCORPORATED,Gwinnett County DOT,County ROW,easiest,STEVE REYNOLDS BLVD,,45.0,30,28.0,True,6,36.6,33.92999,-84.1471,"https://www.google.com/maps/@?api=1&map_action=pano&viewpoint=33.92999,-84.1471","https://www.google.com/maps/search/?api=1&query=33.92999,-84.1471"
3019,Steve Reynolds Blvd & Fire Station OB,UNINCORPORATED,Gwinnett County DOT,County ROW,easiest,STEVE REYNOLDS BLVD,,35.0,30,28.0,True,6,36.6,33.923877,-84.147389,"https://www.google.com/maps/@?api=1&map_action=pano&viewpoint=33.923877,-84.147389","https://www.google.com/maps/search/?api=1&query=33.923877,-84.147389"
3020,Steve Reynolds Blvd & Falling Water Ln O,UNINCORPORATED,Gwinnett County DOT,County ROW,easiest,STEVE REYNOLDS BLVD,,45.0,30,28.0,True,3,36.6,33.916846,-84.151486,"https://www.google.com/maps/@?api=1&map_action=pano&viewpoint=33.916846,-84.151486","https://www.google.com/maps/search/?api=1&query=33.916846,-84.151486"
3021,Steve Reynolds Blvd & Oak Loch Tr,UNINCORPORATED,Gwinnett County DOT,County ROW,easiest,STEVE REYNOLDS BLVD,,45.0,30,28.0,True,6,36.6,33.914753,-84.154322,"https://www.google.com/maps/@?api=1&map_action=pano&viewpoint=33.914753,-84.154322","https://www.google.com/maps/search/?api=1&query=33.914753,-84.154322"
3022,Steve Reynolds Blvd & Hillcrest Ct OB,UNINCORPORATED,Gwinnett County DOT,County ROW,easiest,STEVE REYNOLDS BLVD,,45.0,30,28.0,True,7,36.6,33.913606,-84.158634,"https://www.google.com/maps/@?api=1&map_action=pano&viewpoint=33.913606,-84.158634","https://www.google.com/maps/search/?api=1&query=33.913606,-84.158634"
2108,McDonough Dr & DACA Specialty Svc IB,UNINCORPORATED,Gwinnett County DOT,County ROW,easiest,MCDONOUGH DR,,40.0,20,28.0,True,4,36.6,33.904129,-84.220036,"https://www.google.com/maps/@?api=1&map_action=pano&viewpoint=33.904129,-84.220036","https://www.google.com/maps/search/?api=1&query=33.904129,-84.220036"
2109,Graves Rd & McDonough Dr IB,UNINCORPORATED,Gwinnett County DOT,County ROW,easiest,GRAVES RD,,35.0,20,28.0,True,3,36.6,33.902556,-84.22256,"https://www.google.com/maps/@?api=1&map_action=pano&viewpoint=33.902556,-84.22256","https://www.google.com/maps/search/?api=1&query=33.902556,-84.22256"
2110,Graves Rd & Champions Park Apts IB,UNINCORPORATED,Gwinnett County DOT,County ROW,easiest,GRAVES RD,,35.0,20,28.0,True,4,36.6,33.901706,-84.221593,"https://www.google.com/maps/@?api=1&map_action=pano&viewpoint=33.901706,-84.221593","https://www.google.com/maps/search/?api=1&query=33.901706,-84.221593"
2095,Live Oak Pkwy & Fire Department,UNINCORPORATED,Gwinnett County DOT,County ROW,easiest,LIVE OAK PKWY,,35.0,20,28.0,True,9,36.6,33.911856,-84.200696,"https://www.google.com/maps/@?api=1&map_action=pano&viewpoint=33.911856,-84.200696","https://www.google.com/maps/search/?api=1&query=33.911856,-84.200696"
2096,Live Oak Pkwy & Salvation Army,UNINCORPORATED,Gwinnett County DOT,County ROW,easiest,LIVE OAK PKWY,,35.0,20,28.0,True,3,36.6,33.910609,-84.199693,"https://www.google.com/maps/@?api=1&map_action=pano&viewpoint=33.910609,-84.199693","https://www.google.com/maps/search/?api=1&query=33.910609,-84.199693"
2097,Live OakPkwy & Live Oak Center,UNINCORPORATED,Gwinnett County DOT,County ROW,easiest,LIVE OAK PKWY,,35.0,20,28.0,True,5,36.6,33.909391,-84.199538,"https://www.google.com/maps/@?api=1&map_action=pano&viewpoint=33.909391,-84.199538","https://www.google.com/maps/search/?api=1&query=33.909391,-84.199538"
2098,Live Oak Pkwy at Live Oak Plaza IB,UNINCORPORATED,Gwinnett County DOT,County ROW,easiest,LIVE OAK PKWY,,35.0,20,28.0,True,5,36.6,33.907873,-84.20235,"https://www.google.com/maps/@?api=1&map_action=pano&viewpoint=33.907873,-84.20235","https://www.google.com/maps/search/?api=1&query=33.907873,-84.20235"
2099,Live Oak Pkwy & Thompson Pkwy IB,UNINCORPORATED,Gwinnett County DOT,County ROW,easiest,LIVE OAK PKWY,,35.0,20,28.0,True,4,36.6,33.907258,-84.2033,"https://www.google.com/maps/@?api=1&map_action=pano&viewpoint=33.907258,-84.2033","https://www.google.com/maps/search/?api=1&query=33.907258,-84.2033"
2116,S Norcross Tucker Rd & Graves Rd,UNINCORPORATED,Gwinnett County DOT,County ROW,easiest,S NORCROSS TUCKER RD,,35.0,20,28.0,True,4,36.6,33.895589,-84.209983,"https://www.google.com/maps/@?api=1&map_action=pano&viewpoint=33.895589,-84.209983","https://www.google.com/maps/search/?api=1&query=33.895589,-84.209983"
2117,S Norcross Tucker Rd & Sinclair Apts,UNINCORPORATED,Gwinnett County DOT,County ROW,easiest,S NORCROSS TUCKER RD,,35.0,20,28.0,True,7,36.6,33.897108,-84.208986,"https://www.google.com/maps/@?api=1&map_action=pano&viewpoint=33.897108,-84.208986","https://www.google.com/maps/search/?api=1&query=33.897108,-84.208986"
2118,S Norcorss Tucker Rd & Oakwood Cir,UNINCORPORATED,Gwinnett County DOT,County ROW,easiest,S NORCROSS TUCKER RD,,35.0,20,28.0,True,8,36.6,33.899131,-84.207199,"https://www.google.com/maps/@?api=1&map_action=pano&viewpoint=33.899131,-84.207199","https://www.google.com/maps/search/?api=1&query=33.899131,-84.207199"
2103,McDonough Dr & Dawson Blvd (Rooms2Go),UNINCORPORATED,Gwinnett County DOT,County ROW,easiest,MCDONOUGH DR,,40.0,20,28.0,True,5,36.6,33.909766,-84.20967,"https://www.google.com/maps/@?api=1&map_action=pano&viewpoint=33.909766,-84.20967","https://www.google.com/maps/search/?api=1&query=33.909766,-84.20967"
2104,McDonough Dr & Wilwat Dr (ACE) IB,UNINCORPORATED,Gwinnett County DOT,County ROW,easiest,MCDONOUGH DR,,40.0,20,28.0,True,6,36.6,33.909112,-84.211696,"https://www.google.com/maps/@?api=1&map_action=pano&viewpoint=33.909112,-84.211696","https://www.google.com/maps/search/?api=1&query=33.909112,-84.211696"
2105,McDonough Dr & Fit Food IB,UNINCORPORATED,Gwinnett County DOT,County ROW,easiest,MCDONOUGH DR,,40.0,20,28.0,True,12,36.6,33.90822,-84.21356,"https://www.google.com/maps/@?api=1&map_action=pano&viewpoint=33.90822,-84.21356","https://www.google.com/maps/search/?api=1&query=33.90822,-84.21356"
2106,McDonough Dr & Young Ct IB,UNINCORPORATED,Gwinnett County DOT,County ROW,easiest,MCDONOUGH DR,,40.0,20,28.0,True,7,36.6,33.90728,-84.215592,"https://www.google.com/maps/@?api=1&map_action=pano&viewpoint=33.90728,-84.215592","https://www.google.com/maps/search/?api=1&query=33.90728,-84.215592"
2107,McDonough Dr & Webb Dr (APEX),UNINCORPORATED,Gwinnett County DOT,County ROW,easiest,MCDONOUGH DR,,40.0,20,28.0,True,3,36.6,33.905414,-84.218089,"https://www.google.com/maps/@?api=1&map_action=pano&viewpoint=33.905414,-84.218089","https://www.google.com/maps/search/?api=1&query=33.905414,-84.218089"
4034,Old Norcross Rd & Averitt OB,LAWRENCEVILLE,Gwinnett County DOT,County ROW,easiest,OLD NORCROSS RD,,45.0,40,28.0,True,4,36.6,33.953461,-84.023769,"https://www.google.com/maps/@?api=1&map_action=pano&viewpoint=33.953461,-84.023769","https://www.google.com/maps/search/?api=1&query=33.953461,-84.023769"
4037,Professional Dr & 2nd 4way Stop Sign,LAWRENCEVILLE,Gwinnett County DOT,County ROW,easiest,PROFESSIONAL DR,,25.0,40,28.0,True,5,36.6,33.961333,-84.018231,"https://www.google.com/maps/@?api=1&map_action=pano&viewpoint=33.961333,-84.018231","https://www.google.com/maps/search/?api=1&query=33.961333,-84.018231"
2111,Graves Rd & Osborne Dr,UNINCORPORATED,Gwinnett County DOT,County ROW,easiest,GRAVES RD,,35.0,20,28.0,True,8,36.6,33.89897,-84.22085,"https://www.google.com/maps/@?api=1&map_action=pano&viewpoint=33.89897,-84.22085","https://www.google.com/maps/search/?api=1&query=33.89897,-84.22085"
2112,Graves Park Entrance,UNINCORPORATED,Gwinnett County DOT,County ROW,easiest,GRAVES RD,,35.0,20,28.0,True,3,36.6,33.897434,-84.220736,"https://www.google.com/maps/@?api=1&map_action=pano&viewpoint=33.897434,-84.220736","https://www.google.com/maps/search/?api=1&query=33.897434,-84.220736"
2113,Graves Rd & Graves Mill Dr,UNINCORPORATED,Gwinnett County DOT,County ROW,easiest,GRAVES RD,,35.0,20,28.0,True,4,36.6,33.8955,-84.218577,"https://www.google.com/maps/@?api=1&map_action=pano&viewpoint=33.8955,-84.218577","https://www.google.com/maps/search/?api=1&query=33.8955,-84.218577"
2114,Graves Rd & Marquis Estates Apts IB,UNINCORPORATED,Gwinnett County DOT,County ROW,easiest,GRAVES RD,,35.0,20,28.0,True,7,36.6,33.895046,-84.216012,"https://www.google.com/maps/@?api=1&map_action=pano&viewpoint=33.895046,-84.216012","https://www.google.com/maps/search/?api=1&query=33.895046,-84.216012"
2115,Graves Rd & E National Cir,UNINCORPORATED,Gwinnett County DOT,County ROW,easiest,GRAVES RD,,35.0,20,28.0,True,8,36.6,33.895072,-84.211406,"https://www.google.com/maps/@?api=1&map_action=pano&viewpoint=33.895072,-84.211406","https://www.google.com/maps/search/?api=1&query=33.895072,-84.211406"
4047,131 Langley Professional Building,LAWRENCEVILLE,Gwinnett County DOT,County ROW,easiest,LANGLEY DR,,35.0,40,28.0,True,8,36.6,33.954579,-83.997365,"https://www.google.com/maps/@?api=1&map_action=pano&viewpoint=33.954579,-83.997365","https://www.google.com/maps/search/?api=1&query=33.954579,-83.997365"
4039,Philip Blvd & Katherine Oaks Rd,LAWRENCEVILLE,Gwinnett County DOT,County ROW,easiest,PHILIP BLVD,,30.0,40,28.0,True,1,36.6,33.967614,-84.010312,"https://www.google.com/maps/@?api=1&map_action=pano&viewpoint=33.967614,-84.010312","https://www.google.com/maps/search/?api=1&query=33.967614,-84.010312"
4043,W Pike St & Ultra Carwash,LAWRENCEVILLE,Gwinnett County DOT,County ROW,easiest,OLD NORCROSS RD,,45.0,40,28.0,True,7,36.6,33.960243,-84.004535,"https://www.google.com/maps/@?api=1&map_action=pano&viewpoint=33.960243,-84.004535","https://www.google.com/maps/search/?api=1&query=33.960243,-84.004535"
4033,Old Norcross Rd & Riverside Pkwy OB,LAWRENCEVILLE,Gwinnett County DOT,County ROW,easiest,OLD NORCROSS RD,,45.0,40,28.0,True,2,36.6,33.953218,-84.027149,"https://www.google.com/maps/@?api=1&map_action=pano&viewpoint=33.953218,-84.027149","https://www.google.com/maps/search/?api=1&query=33.953218,-84.027149"
2141,Indian Trail Rd & Brook Plaza,UNINCORPORATED,Gwinnett County DOT,County ROW,easiest,INDIAN TRAIL LILBURN RD,,45.0,20,28.0,True,5,36.6,33.921174,-84.169753,"https://www.google.com/maps/@?api=1&map_action=pano&viewpoint=33.921174,-84.169753","https://www.google.com/maps/search/?api=1&query=33.921174,-84.169753"
2142,Indian Trail Rd & Quicktrip,UNINCORPORATED,Gwinnett County DOT,County ROW,easiest,INDIAN TRAIL LILBURN RD,,45.0,20,28.0,True,5,36.6,33.923145,-84.172471,"https://www.google.com/maps/@?api=1&map_action=pano&viewpoint=33.923145,-84.172471","https://www.google.com/maps/search/?api=1&query=33.923145,-84.172471"
2143,Indian Trail Rd & Willow Trail Pkwy IB,UNINCORPORATED,Gwinnett County DOT,County ROW,easiest,INDIAN TRAIL LILBURN RD,,45.0,20,28.0,True,7,36.6,33.925778,-84.174279,"https://www.google.com/maps/@?api=1&map_action=pano&viewpoint=33.925778,-84.174279","https://www.google.com/maps/search/?api=1&query=33.925778,-84.174279"
2127,Singleton Rd & Myrtle Creek Dr,UNINCORPORATED,Gwinnett County DOT,County ROW,easiest,SINGLETON RD,,40.0,20,28.0,True,8,36.6,33.908258,-84.18522,"https://www.google.com/maps/@?api=1&map_action=pano&viewpoint=33.908258,-84.18522","https://www.google.com/maps/search/?api=1&query=33.908258,-84.18522"
2128,Singleton Rd & Harbins Rd IB,UNINCORPORATED,Gwinnett County DOT,County ROW,easiest,SINGLETON RD,,40.0,20,28.0,True,4,36.6,33.908185,-84.183344,"https://www.google.com/maps/@?api=1&map_action=pano&viewpoint=33.908185,-84.183344","https://www.google.com/maps/search/?api=1&query=33.908185,-84.183344"
2129,Singleton Rd & Singleton Valley Cir (1),UNINCORPORATED,Gwinnett County DOT,County ROW,easiest,SINGLETON RD,,40.0,20,28.0,True,5,36.6,33.909511,-84.17842,"https://www.google.com/maps/@?api=1&map_action=pano&viewpoint=33.909511,-84.17842","https://www.google.com/maps/search/?api=1&query=33.909511,-84.17842"
2130,Singleton Rd & Singleton Valley Cir (2),UNINCORPORATED,Gwinnett County DOT,County ROW,easiest,SINGLETON RD,,40.0,20,28.0,True,5,36.6,33.909695,-84.176796,"https://www.google.com/maps/@?api=1&map_action=pano&viewpoint=33.909695,-84.176796","https://www.google.com/maps/search/?api=1&query=33.909695,-84.176796"
2131,Singleton Rd & Sandune Dr (2nd Entrance),UNINCORPORATED,Gwinnett County DOT,County ROW,easiest,SINGLETON RD,,40.0,20,28.0,True,4,36.6,33.910119,-84.174392,"https://www.google.com/maps/@?api=1&map_action=pano&viewpoint=33.910119,-84.174392","https://www.google.com/maps/search/?api=1&query=33.910119,-84.174392"
2149,Mitchell Rd & Co-Op Ministry,NORCROSS,Gwinnett County DOT,County ROW,easiest,MITCHELL RD,,45.0,20,28.0,True,4,36.6,33.93203,-84.200561,"https://www.google.com/maps/@?api=1&map_action=pano&viewpoint=33.93203,-84.200561","https://www.google.com/maps/search/?api=1&query=33.93203,-84.200561"
2150,Mitchell Rd & Everglades Tr,NORCROSS,Gwinnett County DOT,County ROW,easiest,MITCHELL RD,,45.0,20,28.0,True,4,36.6,33.93476,-84.202377,"https://www.google.com/maps/@?api=1&map_action=pano&viewpoint=33.93476,-84.202377","https://www.google.com/maps/search/?api=1&query=33.93476,-84.202377"
2151,Mitchell Rd & Price Pl,NORCROSS,Gwinnett County DOT,County ROW,easiest,MITCHELL RD,,35.0,20,28.0,True,4,36.6,33.938374,-84.206004,"https://www.google.com/maps/@?api=1&map_action=pano&viewpoint=33.938374,-84.206004","https://www.google.com/maps/search/?api=1&query=33.938374,-84.206004"
2135,Singleton Rd & Santa Anna Dr,UNINCORPORATED,Gwinnett County DOT,County ROW,easiest,SINGLETON RD,,40.0,20,28.0,True,7,36.6,33.912729,-84.167313,"https://www.google.com/maps/@?api=1&map_action=pano&viewpoint=33.912729,-84.167313","https://www.google.com/maps/search/?api=1&query=33.912729,-84.167313"
2136,Singleton Rd & Metro Self Storage,UNINCORPORATED,Gwinnett County DOT,County ROW,easiest,SINGLETON RD,,40.0,20,28.0,True,5,36.6,33.913164,-84.165478,"https://www.google.com/maps/@?api=1&map_action=pano&viewpoint=33.913164,-84.165478","https://www.google.com/maps/search/?api=1&query=33.913164,-84.165478"
2138,Indian Trail Rd & Le's Auto Repair,UNINCORPORATED,Gwinnett County DOT,County ROW,easiest,INDIAN TRAIL LILBURN RD,,45.0,20,28.0,True,5,36.6,33.916932,-84.163812,"https://www.google.com/maps/@?api=1&map_action=pano&viewpoint=33.916932,-84.163812","https://www.google.com/maps/search/?api=1&query=33.916932,-84.163812"
2139,Indian Trail Rd at BOEHM Travel,UNINCORPORATED,Gwinnett County DOT,County ROW,easiest,INDIAN TRAIL LILBURN RD,,45.0,20,28.0,True,5,36.6,33.918621,-84.165211,"https://www.google.com/maps/@?api=1&map_action=pano&viewpoint=33.918621,-84.165211","https://www.google.com/maps/search/?api=1&query=33.918621,-84.165211"
2140,Indian Trail Rd & Georgia Belle Ct,UNINCORPORATED,Gwinnett County DOT,County ROW,easiest,INDIAN TRAIL LILBURN RD,,45.0,20,28.0,True,6,36.6,33.919711,-84.167155,"https://www.google.com/maps/@?api=1&map_action=pano&viewpoint=33.919711,-84.167155","https://www.google.com/maps/search/?api=1&query=33.919711,-84.167155"
2091,Center Way Quicktrip (across),NORCROSS,Gwinnett County DOT,County ROW,easiest,CENTER WAY,,35.0,20,28.0,True,8,36.6,33.919008,-84.197998,"https://www.google.com/maps/@?api=1&map_action=pano&viewpoint=33.919008,-84.197998","https://www.google.com/maps/search/?api=1&query=33.919008,-84.197998"
2092,Center Way & Oakbrook Summit Entrance,UNINCORPORATED,Gwinnett County DOT,County ROW,easiest,CENTER WAY,,35.0,20,28.0,True,3,36.6,33.917029,-84.196447,"https://www.google.com/maps/@?api=1&map_action=pano&viewpoint=33.917029,-84.196447","https://www.google.com/maps/search/?api=1&query=33.917029,-84.196447"
2093,Oakbrook Pkwy & Oakbrook Summit(2nd Ent),UNINCORPORATED,Gwinnett County DOT,County ROW,easiest,OAKBROOK PKWY,,45.0,20,28.0,True,6,36.6,33.915415,-84.198127,"https://www.google.com/maps/@?api=1&map_action=pano&viewpoint=33.915415,-84.198127","https://www.google.com/maps/search/?api=1&query=33.915415,-84.198127"
2144,Brook Hollow Pkwy & Chevron Gas Station,NORCROSS,Gwinnett County DOT,County ROW,easiest,BROOK HOLLOW PKWY,,45.0,20,28.0,True,8,36.6,33.930146,-84.178369,"https://www.google.com/maps/@?api=1&map_action=pano&viewpoint=33.930146,-84.178369","https://www.google.com/maps/search/?api=1&query=33.930146,-84.178369"
2145,Brook Hollow Pkwy & Pinnacle Way IB,NORCROSS,Gwinnett County DOT,County ROW,easiest,BROOK HOLLOW PKWY,,45.0,20,28.0,True,6,36.6,33.927884,-84.183267,"https://www.google.com/maps/@?api=1&map_action=pano&viewpoint=33.927884,-84.183267","https://www.google.com/maps/search/?api=1&query=33.927884,-84.183267"
2146,Brook Hollow Pkwy & Mitchell Rd IB,NORCROSS,Gwinnett County DOT,County ROW,easiest,BROOK HOLLOW PKWY,,45.0,20,28.0,True,2,36.6,33.922729,-84.189599,"https://www.google.com/maps/@?api=1&map_action=pano&viewpoint=33.922729,-84.189599","https://www.google.com/maps/search/?api=1&query=33.922729,-84.189599"
2147,Mitchell Rd & Station Cir,NORCROSS,Gwinnett County DOT,County ROW,easiest,MITCHELL RD,,45.0,20,28.0,True,3,36.6,33.926368,-84.19434,"https://www.google.com/maps/@?api=1&map_action=pano&viewpoint=33.926368,-84.19434","https://www.google.com/maps/search/?api=1&query=33.926368,-84.19434"
2148,Mitchell Rd & Goodwick Way,NORCROSS,Gwinnett County DOT,County ROW,easiest,MITCHELL RD,,45.0,20,28.0,True,7,36.6,33.928391,-84.195984,"https://www.google.com/maps/@?api=1&map_action=pano&viewpoint=33.928391,-84.195984","https://www.google.com/maps/search/?api=1&query=33.928391,-84.195984"
2100,Live Oak Pkwy & Jimmy Carter Blvd IB,UNINCORPORATED,Gwinnett County DOT,County ROW,easiest,LIVE OAK PKWY,,35.0,20,28.0,True,5,36.6,33.907515,-84.204515,"https://www.google.com/maps/@?api=1&map_action=pano&viewpoint=33.907515,-84.204515","https://www.google.com/maps/search/?api=1&query=33.907515,-84.204515"
2101,Dawson Blvd & Varsity Entrane 1,UNINCORPORATED,Gwinnett County DOT,County ROW,easiest,DAWSON BLVD,,30.0,20,28.0,True,7,36.6,33.907538,-84.207559,"https://www.google.com/maps/@?api=1&map_action=pano&viewpoint=33.907538,-84.207559","https://www.google.com/maps/search/?api=1&query=33.907538,-84.207559"
2102,Dawson Blvd & Varsity Entrance 2,UNINCORPORATED,Gwinnett County DOT,County ROW,easiest,DAWSON BLVD,,30.0,20,28.0,True,13,36.6,33.90817,-84.208423,"https://www.google.com/maps/@?api=1&map_action=pano&viewpoint=33.90817,-84.208423","https://www.google.com/maps/search/?api=1&query=33.90817,-84.208423"
2086,Brook Hollow Pkwy & PepBoys,UNINCORPORATED,Gwinnett County DOT,County ROW,easiest,BROOK HOLLOW PKWY,,45.0,20,28.0,True,2,36.6,33.917864,-84.21078,"https://www.google.com/maps/@?api=1&map_action=pano&viewpoint=33.917864,-84.21078","https://www.google.com/maps/search/?api=1&query=33.917864,-84.21078"
2087,Brook Hollow Pkwy & Jimmy Carter Blvd IB,NORCROSS,Gwinnett County DOT,County ROW,easiest,BROOK HOLLOW PKWY,,45.0,20,28.0,True,4,36.6,33.917961,-84.207823,"https://www.google.com/maps/@?api=1&map_action=pano&viewpoint=33.917961,-84.207823","https://www.google.com/maps/search/?api=1&query=33.917961,-84.207823"
2088,Brook Hollow & Indian Temple (1st Entran,NORCROSS,Gwinnett County DOT,County ROW,easiest,BROOK HOLLOW PKWY,,45.0,20,28.0,True,4,36.6,33.918777,-84.204709,"https://www.google.com/maps/@?api=1&map_action=pano&viewpoint=33.918777,-84.204709","https://www.google.com/maps/search/?api=1&query=33.918777,-84.204709"
2089,Brook Hollow & Indian Temple (2nd Entran,NORCROSS,Gwinnett County DOT,County ROW,easiest,BROOK HOLLOW PKWY,,45.0,20,28.0,True,7,36.6,33.919329,-84.203196,"https://www.google.com/maps/@?api=1&map_action=pano&viewpoint=33.919329,-84.203196","https://www.google.com/maps/search/?api=1&query=33.919329,-84.203196"
2090,Brook Hollow Pkwy & Spring Lake Apts,NORCROSS,Gwinnett County DOT,County ROW,easiest,BROOK HOLLOW PKWY,,45.0,20,28.0,True,4,36.6,33.92005,-84.200295,"https://www.google.com/maps/@?api=1&map_action=pano&viewpoint=33.92005,-84.200295","https://www.google.com/maps/search/?api=1&query=33.92005,-84.200295"
2124,Singleton Rd & Button Gwinnett Pl IB,UNINCORPORATED,Gwinnett County DOT,County ROW,easiest,SINGLETON RD,,40.0,20,28.0,True,7,36.6,33.908132,-84.190484,"https://www.google.com/maps/@?api=1&map_action=pano&viewpoint=33.908132,-84.190484","https://www.google.com/maps/search/?api=1&query=33.908132,-84.190484"
2125,Singleton Rd & Walton Way,UNINCORPORATED,Gwinnett County DOT,County ROW,easiest,SINGLETON RD,,40.0,20,28.0,True,7,36.6,33.908186,-84.189214,"https://www.google.com/maps/@?api=1&map_action=pano&viewpoint=33.908186,-84.189214","https://www.google.com/maps/search/?api=1&query=33.908186,-84.189214"
2126,Singleton Rd & Harbins Ridge Drive IB,UNINCORPORATED,Gwinnett County DOT,County ROW,easiest,SINGLETON RD,,40.0,20,28.0,True,11,36.6,33.908278,-84.186609,"https://www.google.com/maps/@?api=1&map_action=pano&viewpoint=33.908278,-84.186609","https://www.google.com/maps/search/?api=1&query=33.908278,-84.186609"
2132,Singleton Rd & Williams Rd,UNINCORPORATED,Gwinnett County DOT,County ROW,easiest,SINGLETON RD,,40.0,20,28.0,True,4,36.6,33.910677,-84.172643,"https://www.google.com/maps/@?api=1&map_action=pano&viewpoint=33.910677,-84.172643","https://www.google.com/maps/search/?api=1&query=33.910677,-84.172643"
2133,Singleton Rd & Seattle Slew Ln,UNINCORPORATED,Gwinnett County DOT,County ROW,easiest,SINGLETON RD,,40.0,20,28.0,True,4,36.6,33.91105,-84.17054,"https://www.google.com/maps/@?api=1&map_action=pano&viewpoint=33.91105,-84.17054","https://www.google.com/maps/search/?api=1&query=33.91105,-84.17054"
2134,Singleton Rd & Riva Ridge Dr,UNINCORPORATED,Gwinnett County DOT,County ROW,easiest,SINGLETON RD,,40.0,20,28.0,True,5,36.6,33.911348,-84.169618,"https://www.google.com/maps/@?api=1&map_action=pano&viewpoint=33.911348,-84.169618","https://www.google.com/maps/search/?api=1&query=33.911348,-84.169618"
2119,S Norcross Tucker Rd & Checkers,UNINCORPORATED,Gwinnett County DOT,County ROW,easiest,S NORCROSS TUCKER RD,,35.0,20,28.0,True,8,36.6,33.901355,-84.205819,"https://www.google.com/maps/@?api=1&map_action=pano&viewpoint=33.901355,-84.205819","https://www.google.com/maps/search/?api=1&query=33.901355,-84.205819"
2120,Singleton Rd & Sarah Ct,UNINCORPORATED,Gwinnett County DOT,County ROW,easiest,SINGLETON RD,,40.0,20,28.0,True,7,36.6,33.904092,-84.202746,"https://www.google.com/maps/@?api=1&map_action=pano&viewpoint=33.904092,-84.202746","https://www.google.com/maps/search/?api=1&query=33.904092,-84.202746"
2121,Singleton Rd & Thompson Pkwy,UNINCORPORATED,Gwinnett County DOT,County ROW,easiest,SINGLETON RD,,40.0,20,28.0,True,5,36.6,33.90502,-84.20047,"https://www.google.com/maps/@?api=1&map_action=pano&viewpoint=33.90502,-84.20047","https://www.google.com/maps/search/?api=1&query=33.90502,-84.20047"
2122,Singleton Rd & Steeple Chase Apts,UNINCORPORATED,Gwinnett County DOT,County ROW,easiest,SINGLETON RD,,40.0,20,28.0,True,7,36.6,33.907346,-84.195466,"https://www.google.com/maps/@?api=1&map_action=pano&viewpoint=33.907346,-84.195466","https://www.google.com/maps/search/?api=1&query=33.907346,-84.195466"
2123,Singleton Rd & Pirkle Rd IB,UNINCORPORATED,Gwinnett County DOT,County ROW,easiest,SINGLETON RD,,40.0,20,28.0,True,7,36.6,33.908,-84.192442,"https://www.google.com/maps/@?api=1&map_action=pano&viewpoint=33.908,-84.192442","https://www.google.com/maps/search/?api=1&query=33.908,-84.192442"
3034,Burns Rd &  Garner Way,UNINCORPORATED,Gwinnett County DOT,County ROW,easiest,BURNS RD,,35.0,30,28.0,True,3,36.6,33.910284,-84.122047,"https://www.google.com/maps/@?api=1&map_action=pano&viewpoint=33.910284,-84.122047","https://www.google.com/maps/search/?api=1&query=33.910284,-84.122047"
3035,Burns Rd & Johns Way,UNINCORPORATED,Gwinnett County DOT,County ROW,easiest,BURNS RD,,35.0,30,28.0,True,3,36.6,33.911041,-84.117843,"https://www.google.com/maps/@?api=1&map_action=pano&viewpoint=33.911041,-84.117843","https://www.google.com/maps/search/?api=1&query=33.911041,-84.117843"
3023,Singleton Rd & Texaco Gas Station,UNINCORPORATED,Gwinnett County DOT,County ROW,easiest,SINGLETON RD,,40.0,30,28.0,True,7,36.6,33.913345,-84.163102,"https://www.google.com/maps/@?api=1&map_action=pano&viewpoint=33.913345,-84.163102","https://www.google.com/maps/search/?api=1&query=33.913345,-84.163102"
3024,Indian Trail Rd & Checks Cashed Bldg,UNINCORPORATED,Gwinnett County DOT,County ROW,easiest,INDIAN TRAIL LILBURN RD,,45.0,30,28.0,True,7,36.6,33.913263,-84.161258,"https://www.google.com/maps/@?api=1&map_action=pano&viewpoint=33.913263,-84.161258","https://www.google.com/maps/search/?api=1&query=33.913263,-84.161258"
3025,Indian Trail Rd & Sterling Glen OB,UNINCORPORATED,Gwinnett County DOT,County ROW,easiest,INDIAN TRAIL LILBURN RD,,45.0,30,28.0,True,2,36.6,33.910786,-84.159118,"https://www.google.com/maps/@?api=1&map_action=pano&viewpoint=33.910786,-84.159118","https://www.google.com/maps/search/?api=1&query=33.910786,-84.159118"
3026,Indian Trail Rd & Indian Way,UNINCORPORATED,Gwinnett County DOT,County ROW,easiest,INDIAN TRAIL LILBURN RD,,45.0,30,28.0,True,4,36.6,33.908318,-84.157046,"https://www.google.com/maps/@?api=1&map_action=pano&viewpoint=33.908318,-84.157046","https://www.google.com/maps/search/?api=1&query=33.908318,-84.157046"
3027,Indian Trail Rd & Market Center,UNINCORPORATED,Gwinnett County DOT,County ROW,easiest,INDIAN TRAIL LILBURN RD,,45.0,30,28.0,True,8,36.6,33.905262,-84.155176,"https://www.google.com/maps/@?api=1&map_action=pano&viewpoint=33.905262,-84.155176","https://www.google.com/maps/search/?api=1&query=33.905262,-84.155176"
3028,Burns Rd & Jodeco Rd,UNINCORPORATED,Gwinnett County DOT,County ROW,easiest,BURNS RD,,35.0,30,28.0,True,3,36.6,33.904944,-84.147981,"https://www.google.com/maps/@?api=1&map_action=pano&viewpoint=33.904944,-84.147981","https://www.google.com/maps/search/?api=1&query=33.904944,-84.147981"
4001,Old Norcross at the Gwinnett Body Shop,UNINCORPORATED,Gwinnett County DOT,County ROW,easiest,OLD NORCROSS RD,,45.0,40,28.0,True,2,36.6,33.955697,-84.105607,"https://www.google.com/maps/@?api=1&map_action=pano&viewpoint=33.955697,-84.105607","https://www.google.com/maps/search/?api=1&query=33.955697,-84.105607"
4002,Old Norcross at Stephen Gould Corp,UNINCORPORATED,Gwinnett County DOT,County ROW,easiest,OLD NORCROSS RD,,45.0,40,28.0,True,6,36.6,33.954678,-84.104739,"https://www.google.com/maps/@?api=1&map_action=pano&viewpoint=33.954678,-84.104739","https://www.google.com/maps/search/?api=1&query=33.954678,-84.104739"
4003,Old Norcross Rd & Sweetwater Rd OB,UNINCORPORATED,Gwinnett County DOT,County ROW,easiest,OLD NORCROSS RD,,45.0,40,28.0,True,4,36.6,33.952178,-84.102411,"https://www.google.com/maps/@?api=1&map_action=pano&viewpoint=33.952178,-84.102411","https://www.google.com/maps/search/?api=1&query=33.952178,-84.102411"
4004,Old Norcross Rd & Mill Valley Apts,UNINCORPORATED,Gwinnett County DOT,County ROW,easiest,OLD NORCROSS RD,,45.0,40,28.0,True,9,36.6,33.951422,-84.100464,"https://www.google.com/maps/@?api=1&map_action=pano&viewpoint=33.951422,-84.100464","https://www.google.com/maps/search/?api=1&query=33.951422,-84.100464"
4005,Old Norcross Rd & Old Victorian Rd IB,UNINCORPORATED,Gwinnett County DOT,County ROW,easiest,OLD NORCROSS RD,,45.0,40,28.0,True,5,36.6,33.950883,-84.098702,"https://www.google.com/maps/@?api=1&map_action=pano&viewpoint=33.950883,-84.098702","https://www.google.com/maps/search/?api=1&query=33.950883,-84.098702"
4006,Old Norcross & Sweetwoods Dr,UNINCORPORATED,Gwinnett County DOT,County ROW,easiest,OLD NORCROSS RD,,45.0,40,28.0,True,2,36.6,33.949306,-84.093645,"https://www.google.com/maps/@?api=1&map_action=pano&viewpoint=33.949306,-84.093645","https://www.google.com/maps/search/?api=1&query=33.949306,-84.093645"
3031,Burns Rd & Beaver Ruin Rd (Chevron),UNINCORPORATED,Gwinnett County DOT,County ROW,easiest,BURNS RD,,35.0,30,28.0,True,8,36.6,33.911915,-84.133263,"https://www.google.com/maps/@?api=1&map_action=pano&viewpoint=33.911915,-84.133263","https://www.google.com/maps/search/?api=1&query=33.911915,-84.133263"
3033,Burns Rd & Walking Ln (past),UNINCORPORATED,Gwinnett County DOT,County ROW,easiest,BURNS RD,,35.0,30,28.0,True,2,36.6,33.911101,-84.12616,"https://www.google.com/maps/@?api=1&map_action=pano&viewpoint=33.911101,-84.12616","https://www.google.com/maps/search/?api=1&query=33.911101,-84.12616"
4007,Boggs Rd & Old Norcross Rd,UNINCORPORATED,Gwinnett County DOT,County ROW,easiest,BOGGS RD,,45.0,40,28.0,True,3,36.6,33.949846,-84.091046,"https://www.google.com/maps/@?api=1&map_action=pano&viewpoint=33.949846,-84.091046","https://www.google.com/maps/search/?api=1&query=33.949846,-84.091046"
4008,Boggs Rd & Astor Place Apts,UNINCORPORATED,Gwinnett County DOT,County ROW,easiest,BOGGS RD,,45.0,40,28.0,True,2,36.6,33.951411,-84.09188,"https://www.google.com/maps/@?api=1&map_action=pano&viewpoint=33.951411,-84.09188","https://www.google.com/maps/search/?api=1&query=33.951411,-84.09188"
4009,Boggs Rd & Magnolia Pointe Apts,UNINCORPORATED,Gwinnett County DOT,County ROW,easiest,BOGGS RD,,45.0,40,28.0,True,6,36.6,33.954012,-84.0937,"https://www.google.com/maps/@?api=1&map_action=pano&viewpoint=33.954012,-84.0937","https://www.google.com/maps/search/?api=1&query=33.954012,-84.0937"
4010,Boggs Rd & Post Office (3rd entrance),UNINCORPORATED,Gwinnett County DOT,County ROW,easiest,BOGGS RD,,45.0,40,28.0,True,4,36.6,33.956658,-84.094012,"https://www.google.com/maps/@?api=1&map_action=pano&viewpoint=33.956658,-84.094012","https://www.google.com/maps/search/?api=1&query=33.956658,-84.094012"
4012,Breckinridge Blvd & The Enclave @ Breck,UNINCORPORATED,Gwinnett County DOT,County ROW,easiest,BRECKINRIDGE BLVD,,45.0,40,28.0,True,2,36.6,33.96504,-84.085875,"https://www.google.com/maps/@?api=1&map_action=pano&viewpoint=33.96504,-84.085875","https://www.google.com/maps/search/?api=1&query=33.96504,-84.085875"
4013,Breckinridge & Mustangs Unltd OB across,UNINCORPORATED,Gwinnett County DOT,County ROW,easiest,BRECKINRIDGE BLVD,,45.0,40,28.0,True,3,36.6,33.969749,-84.085588,"https://www.google.com/maps/@?api=1&map_action=pano&viewpoint=33.969749,-84.085588","https://www.google.com/maps/search/?api=1&query=33.969749,-84.085588"
4014,Breckinridge Blvd & RICOH (across),UNINCORPORATED,Gwinnett County DOT,County ROW,easiest,BRECKINRIDGE BLVD,,45.0,40,28.0,True,3,36.6,33.971405,-84.085229,"https://www.google.com/maps/@?api=1&map_action=pano&viewpoint=33.971405,-84.085229","https://www.google.com/maps/search/?api=1&query=33.971405,-84.085229"
4000,Old Norcross Rd at Gwinnett Clinic,UNINCORPORATED,Gwinnett County DOT,County ROW,easiest,OLD NORCROSS RD,,45.0,40,28.0,True,1,36.6,33.957185,-84.109402,"https://www.google.com/maps/@?api=1&map_action=pano&viewpoint=33.957185,-84.109402","https://www.google.com/maps/search/?api=1&query=33.957185,-84.109402"
4026,Sugarloaf Pkwy & Taco Bell,UNINCORPORATED,Gwinnett County DOT,County ROW,easiest,SUGARLOAF PKWY,,45.0,40,28.0,True,6,36.6,33.955207,-84.055902,"https://www.google.com/maps/@?api=1&map_action=pano&viewpoint=33.955207,-84.055902","https://www.google.com/maps/search/?api=1&query=33.955207,-84.055902"
4027,Old Norcrss Rd & Shell Gas Station,UNINCORPORATED,Gwinnett County DOT,County ROW,easiest,OLD NORCROSS RD,,45.0,40,28.0,True,10,36.6,33.952729,-84.049847,"https://www.google.com/maps/@?api=1&map_action=pano&viewpoint=33.952729,-84.049847","https://www.google.com/maps/search/?api=1&query=33.952729,-84.049847"
4030,Old Norcross Rd & Burnham Ridge,UNINCORPORATED,Gwinnett County DOT,County ROW,easiest,OLD NORCROSS RD,,45.0,40,28.0,True,6,36.6,33.95376,-84.039297,"https://www.google.com/maps/@?api=1&map_action=pano&viewpoint=33.95376,-84.039297","https://www.google.com/maps/search/?api=1&query=33.95376,-84.039297"
4015,Breckinridge Blvd & Duluth Hwy,UNINCORPORATED,Gwinnett County DOT,County ROW,easiest,BRECKINRIDGE BLVD,,45.0,40,28.0,True,4,36.6,33.976421,-84.083151,"https://www.google.com/maps/@?api=1&map_action=pano&viewpoint=33.976421,-84.083151","https://www.google.com/maps/search/?api=1&query=33.976421,-84.083151"
4019,Atkinson & Shell Gas Station,UNINCORPORATED,Gwinnett County DOT,County ROW,easiest,ATKINSON RD,,45.0,40,28.0,True,7,36.6,33.976331,-84.079073,"https://www.google.com/maps/@?api=1&map_action=pano&viewpoint=33.976331,-84.079073","https://www.google.com/maps/search/?api=1&query=33.976331,-84.079073"
4020,Atkinson Rd & Herrington Rd,UNINCORPORATED,Gwinnett County DOT,County ROW,easiest,ATKINSON RD,,45.0,40,28.0,True,4,36.6,33.97348,-84.07733,"https://www.google.com/maps/@?api=1&map_action=pano&viewpoint=33.97348,-84.07733","https://www.google.com/maps/search/?api=1&query=33.97348,-84.07733"
4021,Atkinson Rd & Atkinson Park Dr OB,UNINCORPORATED,Gwinnett County DOT,County ROW,easiest,ATKINSON RD,,45.0,40,28.0,True,10,36.6,33.969477,-84.07372,"https://www.google.com/maps/@?api=1&map_action=pano&viewpoint=33.969477,-84.07372","https://www.google.com/maps/search/?api=1&query=33.969477,-84.07372"
4022,Atkinson & Willow Pointe Dr,UNINCORPORATED,Gwinnett County DOT,County ROW,easiest,ATKINSON RD,,45.0,40,28.0,True,3,36.6,33.967641,-84.071988,"https://www.google.com/maps/@?api=1&map_action=pano&viewpoint=33.967641,-84.071988","https://www.google.com/maps/search/?api=1&query=33.967641,-84.071988"
4023,Sugarloaf Pkwy & Gwinnett Tech (2nd Entr,UNINCORPORATED,Gwinnett County DOT,County ROW,easiest,SUGARLOAF PKWY,,45.0,40,28.0,True,3,36.6,33.965842,-84.066908,"https://www.google.com/maps/@?api=1&map_action=pano&viewpoint=33.965842,-84.066908","https://www.google.com/maps/search/?api=1&query=33.965842,-84.066908"
4024,Gwinnett Technical College,UNINCORPORATED,Gwinnett County DOT,County ROW,easiest,SUGARLOAF PKWY,,45.0,40,28.0,True,3,36.6,33.963578,-84.062757,"https://www.google.com/maps/@?api=1&map_action=pano&viewpoint=33.963578,-84.062757","https://www.google.com/maps/search/?api=1&query=33.963578,-84.062757"
3001,Breckinridge Blvd & Marcos Pizza OB,UNINCORPORATED,Gwinnett County DOT,County ROW,easiest,BRECKINRIDGE BLVD,,45.0,30,28.0,True,5,36.6,33.956576,-84.111949,"https://www.google.com/maps/@?api=1&map_action=pano&viewpoint=33.956576,-84.111949","https://www.google.com/maps/search/?api=1&query=33.956576,-84.111949"
3002,Breckinridge Blvd & Arlon Ln OB,UNINCORPORATED,Gwinnett County DOT,County ROW,easiest,BRECKINRIDGE BLVD,,45.0,30,28.0,True,5,36.6,33.954959,-84.117842,"https://www.google.com/maps/@?api=1&map_action=pano&viewpoint=33.954959,-84.117842","https://www.google.com/maps/search/?api=1&query=33.954959,-84.117842"
3003,3350 Breckinridge Blvd (across),UNINCORPORATED,Gwinnett County DOT,County ROW,easiest,BRECKINRIDGE BLVD,,45.0,30,28.0,True,7,36.6,33.954926,-84.120044,"https://www.google.com/maps/@?api=1&map_action=pano&viewpoint=33.954926,-84.120044","https://www.google.com/maps/search/?api=1&query=33.954926,-84.120044"
3004,Centerview Dr & Ferguson Elementary OB,UNINCORPORATED,Gwinnett County DOT,County ROW,easiest,CENTERVIEW DR,,25.0,30,28.0,True,4,36.6,33.95077,-84.123157,"https://www.google.com/maps/@?api=1&map_action=pano&viewpoint=33.95077,-84.123157","https://www.google.com/maps/search/?api=1&query=33.95077,-84.123157"
3005,Koger Blvd & Devry University OB,UNINCORPORATED,Gwinnett County DOT,County ROW,easiest,KOGER BLVD,,25.0,30,28.0,True,5,36.6,33.94898,-84.123025,"https://www.google.com/maps/@?api=1&map_action=pano&viewpoint=33.94898,-84.123025","https://www.google.com/maps/search/?api=1&query=33.94898,-84.123025"
3006,Koger Blvd & St Leo University OB,UNINCORPORATED,Gwinnett County DOT,County ROW,easiest,KOGER BLVD,,25.0,30,28.0,True,4,36.6,33.948,-84.12526,"https://www.google.com/maps/@?api=1&map_action=pano&viewpoint=33.948,-84.12526","https://www.google.com/maps/search/?api=1&query=33.948,-84.12526"
4120,Atkinson Rd & Atkinson Park Dr IB,UNINCORPORATED,Gwinnett County DOT,County ROW,easiest,ATKINSON RD,,45.0,40,28.0,True,6,36.6,33.96906,-84.073148,"https://www.google.com/maps/@?api=1&map_action=pano&viewpoint=33.96906,-84.073148","https://www.google.com/maps/search/?api=1&query=33.96906,-84.073148"
4129,Boggs Rd & Autumn Village Ct,UNINCORPORATED,Gwinnett County DOT,County ROW,easiest,BOGGS RD,,45.0,40,28.0,True,5,36.6,33.955266,-84.094395,"https://www.google.com/maps/@?api=1&map_action=pano&viewpoint=33.955266,-84.094395","https://www.google.com/maps/search/?api=1&query=33.955266,-84.094395"
4130,Boggs Rd & Meridian Apts,UNINCORPORATED,Gwinnett County DOT,County ROW,easiest,BOGGS RD,,45.0,40,28.0,True,8,36.6,33.954369,-84.09429,"https://www.google.com/maps/@?api=1&map_action=pano&viewpoint=33.954369,-84.09429","https://www.google.com/maps/search/?api=1&query=33.954369,-84.09429"
4131,Boggs Rd & Astor Place Apartments,UNINCORPORATED,Gwinnett County DOT,County ROW,easiest,BOGGS RD,,45.0,40,28.0,True,2,36.6,33.9513,-84.092138,"https://www.google.com/maps/@?api=1&map_action=pano&viewpoint=33.9513,-84.092138","https://www.google.com/maps/search/?api=1&query=33.9513,-84.092138"
4122,Atkinson Rd & Dollar Tree,UNINCORPORATED,Gwinnett County DOT,County ROW,easiest,ATKINSON RD,,45.0,40,28.0,True,9,36.6,33.976278,-84.078885,"https://www.google.com/maps/@?api=1&map_action=pano&viewpoint=33.976278,-84.078885","https://www.google.com/maps/search/?api=1&query=33.976278,-84.078885"
4123,Breckinridge Blvd & Friendly Village,UNINCORPORATED,Gwinnett County DOT,County ROW,easiest,BRECKINRIDGE BLVD,,45.0,40,28.0,True,5,36.6,33.975116,-84.08363,"https://www.google.com/maps/@?api=1&map_action=pano&viewpoint=33.975116,-84.08363","https://www.google.com/maps/search/?api=1&query=33.975116,-84.08363"
4136,Old Norcross Rd & Arbors @Breckinridge,UNINCORPORATED,Gwinnett County DOT,County ROW,easiest,OLD NORCROSS RD,,45.0,40,28.0,True,4,36.6,33.954292,-84.1041,"https://www.google.com/maps/@?api=1&map_action=pano&viewpoint=33.954292,-84.1041","https://www.google.com/maps/search/?api=1&query=33.954292,-84.1041"
4124,Breckinridge Blvd & Newpoint Pl,UNINCORPORATED,Gwinnett County DOT,County ROW,easiest,BRECKINRIDGE BLVD,,45.0,40,28.0,True,2,36.6,33.971899,-84.085328,"https://www.google.com/maps/@?api=1&map_action=pano&viewpoint=33.971899,-84.085328","https://www.google.com/maps/search/?api=1&query=33.971899,-84.085328"
4125,Breckinridge Blvd & Mustang Unlimited,UNINCORPORATED,Gwinnett County DOT,County ROW,easiest,BRECKINRIDGE BLVD,,45.0,40,28.0,True,4,36.6,33.970084,-84.085915,"https://www.google.com/maps/@?api=1&map_action=pano&viewpoint=33.970084,-84.085915","https://www.google.com/maps/search/?api=1&query=33.970084,-84.085915"
4126,Breckinridge Blvd & Kia Building,UNINCORPORATED,Gwinnett County DOT,County ROW,easiest,BRECKINRIDGE BLVD,,45.0,40,28.0,True,5,36.6,33.965648,-84.085802,"https://www.google.com/maps/@?api=1&map_action=pano&viewpoint=33.965648,-84.085802","https://www.google.com/maps/search/?api=1&query=33.965648,-84.085802"
4127,Boggs Rd & Post Office (Main Entrance),UNINCORPORATED,Gwinnett County DOT,County ROW,easiest,BOGGS RD,,45.0,40,28.0,True,2,36.6,33.958722,-84.093974,"https://www.google.com/maps/@?api=1&map_action=pano&viewpoint=33.958722,-84.093974","https://www.google.com/maps/search/?api=1&query=33.958722,-84.093974"
4128,Boggs Rd & Caduceus Occupational Med,UNINCORPORATED,Gwinnett County DOT,County ROW,easiest,BOGGS RD,,45.0,40,28.0,True,6,36.6,33.956703,-84.094299,"https://www.google.com/maps/@?api=1&map_action=pano&viewpoint=33.956703,-84.094299","https://www.google.com/maps/search/?api=1&query=33.956703,-84.094299"
4132,Old Norcross Rd & Boggs Rd IB,UNINCORPORATED,Gwinnett County DOT,County ROW,easiest,OLD NORCROSS RD,,45.0,40,28.0,True,4,36.6,33.94927,-84.092704,"https://www.google.com/maps/@?api=1&map_action=pano&viewpoint=33.94927,-84.092704","https://www.google.com/maps/search/?api=1&query=33.94927,-84.092704"
4133,Old Norcross Rd & Old Victorian Rd IB,UNINCORPORATED,Gwinnett County DOT,County ROW,easiest,OLD NORCROSS RD,,45.0,40,28.0,True,3,36.6,33.95119,-84.098894,"https://www.google.com/maps/@?api=1&map_action=pano&viewpoint=33.95119,-84.098894","https://www.google.com/maps/search/?api=1&query=33.95119,-84.098894"
4134,Old Norcross Rd & Sweetwater Rd IB,UNINCORPORATED,Gwinnett County DOT,County ROW,easiest,OLD NORCROSS RD,,45.0,40,28.0,True,5,36.6,33.951724,-84.100865,"https://www.google.com/maps/@?api=1&map_action=pano&viewpoint=33.951724,-84.100865","https://www.google.com/maps/search/?api=1&query=33.951724,-84.100865"
4135,Old Norcross Rd & Old Norcross Plaza,UNINCORPORATED,Gwinnett County DOT,County ROW,easiest,OLD NORCROSS RD,,45.0,40,28.0,True,4,36.6,33.95232,-84.102293,"https://www.google.com/maps/@?api=1&map_action=pano&viewpoint=33.95232,-84.102293","https://www.google.com/maps/search/?api=1&query=33.95232,-84.102293"
4025,Sugarloaf Pkwy & Cisco Office,UNINCORPORATED,Gwinnett County DOT,County ROW,easiest,SUGARLOAF PKWY,,45.0,40,28.0,False,1,0.0,33.958185,-84.059306,"https://www.google.com/maps/@?api=1&map_action=pano&viewpoint=33.958185,-84.059306","https://www.google.com/maps/search/?api=1&query=33.958185,-84.059306"
3014,Shackleford Rd & Park Dr,UNINCORPORATED,Gwinnett County DOT,County ROW,easiest,PARK DR,,35.0,30,28.0,False,3,0.0,33.938992,-84.149955,"https://www.google.com/maps/@?api=1&map_action=pano&viewpoint=33.938992,-84.149955","https://www.google.com/maps/search/?api=1&query=33.938992,-84.149955"
3016,Park Dr & Beaver Ruin Rd OB,UNINCORPORATED,Gwinnett County DOT,County ROW,easiest,PARK DR,,35.0,30,28.0,False,4,0.0,33.933535,-84.153157,"https://www.google.com/maps/@?api=1&map_action=pano&viewpoint=33.933535,-84.153157","https://www.google.com/maps/search/?api=1&query=33.933535,-84.153157"
3032,Burns Rd & Shady Dr (across),UNINCORPORATED,Gwinnett County DOT,County ROW,easiest,BURNS RD,,35.0,30,28.0,False,3,0.0,33.912182,-84.129213,"https://www.google.com/maps/@?api=1&map_action=pano&viewpoint=33.912182,-84.129213","https://www.google.com/maps/search/?api=1&query=33.912182,-84.129213"
3052,Jimmy Carter Blvd & Home Depot OB,UNINCORPORATED,Gwinnett County DOT,County ROW,easiest,JIMMY CARTER BLVD,,45.0,30,28.0,False,3,0.0,33.869436,-84.188162,"https://www.google.com/maps/@?api=1&map_action=pano&viewpoint=33.869436,-84.188162","https://www.google.com/maps/search/?api=1&query=33.869436,-84.188162"
4106,Old Norcross Rd & Showroom (Raco Dr),LAWRENCEVILLE,Gwinnett County DOT,County ROW,easiest,OLD NORCROSS RD,,45.0,40,28.0,False,2,0.0,33.954474,-84.021918,"https://www.google.com/maps/@?api=1&map_action=pano&viewpoint=33.954474,-84.021918","https://www.google.com/maps/search/?api=1&query=33.954474,-84.021918"
4040,Philip Blvd & Walther Rd,LAWRENCEVILLE,Gwinnett County DOT,County ROW,easiest,PHILIP BLVD,,30.0,40,28.0,False,6,0.0,33.968653,-84.00678,"https://www.google.com/maps/@?api=1&map_action=pano&viewpoint=33.968653,-84.00678","https://www.google.com/maps/search/?api=1&query=33.968653,-84.00678"
4107,Old Norcross Rd & Averritt (across) IB,LAWRENCEVILLE,Gwinnett County DOT,County ROW,easiest,OLD NORCROSS RD,,45.0,40,28.0,False,4,0.0,33.953718,-84.023933,"https://www.google.com/maps/@?api=1&map_action=pano&viewpoint=33.953718,-84.023933","https://www.google.com/maps/search/?api=1&query=33.953718,-84.023933"
4028,Old Norcross Rd & Winding River Dr,UNINCORPORATED,Gwinnett County DOT,County ROW,easiest,OLD NORCROSS RD,,45.0,40,28.0,False,5,0.0,33.953578,-84.044135,"https://www.google.com/maps/@?api=1&map_action=pano&viewpoint=33.953578,-84.044135","https://www.google.com/maps/search/?api=1&query=33.953578,-84.044135"
4029,Old Norcross Rd & Bridge,UNINCORPORATED,Gwinnett County DOT,County ROW,easiest,OLD NORCROSS RD,,45.0,40,28.0,False,2,0.0,33.953604,-84.041916,"https://www.google.com/maps/@?api=1&map_action=pano&viewpoint=33.953604,-84.041916","https://www.google.com/maps/search/?api=1&query=33.953604,-84.041916"
4031,Old Norcross Rd at Brass Key Ct,UNINCORPORATED,Gwinnett County DOT,County ROW,easiest,OLD NORCROSS RD,,45.0,40,28.0,False,3,0.0,33.954117,-84.035731,"https://www.google.com/maps/@?api=1&map_action=pano&viewpoint=33.954117,-84.035731","https://www.google.com/maps/search/?api=1&query=33.954117,-84.035731"
4032,Old Norcross Rd & Hillandale Rd,LAWRENCEVILLE,Gwinnett County DOT,County ROW,easiest,OLD NORCROSS RD,,45.0,40,28.0,False,1,0.0,33.953876,-84.031563,"https://www.google.com/maps/@?api=1&map_action=pano&viewpoint=33.953876,-84.031563","https://www.google.com/maps/search/?api=1&query=33.953876,-84.031563"
4035,Old Norcross Rd & Monfort Rd,LAWRENCEVILLE,Gwinnett County DOT,County ROW,easiest,OLD NORCROSS RD,,45.0,40,28.0,False,0,0.0,33.954531,-84.020945,"https://www.google.com/maps/@?api=1&map_action=pano&viewpoint=33.954531,-84.020945","https://www.google.com/maps/search/?api=1&query=33.954531,-84.020945"
4011,Boggs Rd & Post Office  (First Entrance),UNINCORPORATED,Gwinnett County DOT,County ROW,easiest,BOGGS RD,,45.0,40,28.0,False,2,0.0,33.958551,-84.093741,"https://www.google.com/maps/@?api=1&map_action=pano&viewpoint=33.958551,-84.093741","https://www.google.com/maps/search/?api=1&query=33.958551,-84.093741"
4137,Old Norcross Rd & 3100 Curtis Building,UNINCORPORATED,Gwinnett County DOT,County ROW,easiest,OLD NORCROSS RD,,45.0,40,28.0,False,1,0.0,33.95597,-84.105678,"https://www.google.com/maps/@?api=1&map_action=pano&viewpoint=33.95597,-84.105678","https://www.google.com/maps/search/?api=1&query=33.95597,-84.105678"
4119,1535 Atkinson Rd,UNINCORPORATED,Gwinnett County DOT,County ROW,easiest,ATKINSON RD,,45.0,40,28.0,False,6,0.0,33.967461,-84.071443,"https://www.google.com/maps/@?api=1&map_action=pano&viewpoint=33.967461,-84.071443","https://www.google.com/maps/search/?api=1&query=33.967461,-84.071443"
4117,Sugarloaf Pkwy & MacLeod Indusrial Park,UNINCORPORATED,Gwinnett County DOT,County ROW,easiest,SUGARLOAF PKWY,,45.0,40,28.0,False,3,0.0,33.963418,-84.062312,"https://www.google.com/maps/@?api=1&map_action=pano&viewpoint=33.963418,-84.062312","https://www.google.com/maps/search/?api=1&query=33.963418,-84.062312"
3118,Pleasant Hill Rd & Pleasant Hill Plaza,UNINCORPORATED,Gwinnett County DOT,County ROW,easiest,PLEASANT HILL RD,,45.0,30,27.0,True,3,35.1,33.945791,-84.125361,"https://www.google.com/maps/@?api=1&map_action=pano&viewpoint=33.945791,-84.125361","https://www.google.com/maps/search/?api=1&query=33.945791,-84.125361"
3119,Koger Blvd & City Farmers Market,UNINCORPORATED,Gwinnett County DOT,County ROW,easiest,KOGER BLVD,,25.0,30,27.0,True,4,35.1,33.947785,-84.125101,"https://www.google.com/maps/@?api=1&map_action=pano&viewpoint=33.947785,-84.125101","https://www.google.com/maps/search/?api=1&query=33.947785,-84.125101"
3125,Breckinridge Blvd & Executive Dr S,UNINCORPORATED,Gwinnett County DOT,County ROW,easiest,BRECKINRIDGE BLVD,,45.0,30,27.0,True,5,35.1,33.95657,-84.111725,"https://www.google.com/maps/@?api=1&map_action=pano&viewpoint=33.95657,-84.111725","https://www.google.com/maps/search/?api=1&query=33.95657,-84.111725"
3124,Breckinridge Blvd & Eldridge Rd,UNINCORPORATED,Gwinnett County DOT,County ROW,easiest,BRECKINRIDGE BLVD,,45.0,30,27.0,True,3,35.1,33.954551,-84.11458,"https://www.google.com/maps/@?api=1&map_action=pano&viewpoint=33.954551,-84.11458","https://www.google.com/maps/search/?api=1&query=33.954551,-84.11458"
3115,Club Dr & Steve Reynolds Blvd,UNINCORPORATED,Gwinnett County DOT,County ROW,easiest,CLUB DR,,40.0,30,27.0,True,4,35.1,33.94211,-84.135106,"https://www.google.com/maps/@?api=1&map_action=pano&viewpoint=33.94211,-84.135106","https://www.google.com/maps/search/?api=1&query=33.94211,-84.135106"
3123,Breckinridge Blvd & Arlon Lane,UNINCORPORATED,Gwinnett County DOT,County ROW,easiest,BRECKINRIDGE BLVD,,45.0,30,27.0,True,6,35.1,33.954576,-84.117066,"https://www.google.com/maps/@?api=1&map_action=pano&viewpoint=33.954576,-84.117066","https://www.google.com/maps/search/?api=1&query=33.954576,-84.117066"
3116,Club Dr & Carrington Ct Apts (Court Dr),UNINCORPORATED,Gwinnett County DOT,County ROW,easiest,CLUB DR,,40.0,30,27.0,True,4,35.1,33.942136,-84.131656,"https://www.google.com/maps/@?api=1&map_action=pano&viewpoint=33.942136,-84.131656","https://www.google.com/maps/search/?api=1&query=33.942136,-84.131656"
3110,Park Dr & Communications Dr IB,UNINCORPORATED,Gwinnett County DOT,County ROW,easiest,PARK DR,,35.0,30,27.0,True,4,35.1,33.936181,-84.149357,"https://www.google.com/maps/@?api=1&map_action=pano&viewpoint=33.936181,-84.149357","https://www.google.com/maps/search/?api=1&query=33.936181,-84.149357"
3107,Steve Reynolds Blvd & Windward Lane IB,UNINCORPORATED,Gwinnett County DOT,County ROW,easiest,STEVE REYNOLDS BLVD,,45.0,30,27.0,True,3,35.1,33.927158,-84.147491,"https://www.google.com/maps/@?api=1&map_action=pano&viewpoint=33.927158,-84.147491","https://www.google.com/maps/search/?api=1&query=33.927158,-84.147491"
3122,3350 Breckinridge Blvd,UNINCORPORATED,Gwinnett County DOT,County ROW,easiest,BRECKINRIDGE BLVD,,45.0,30,27.0,True,6,35.1,33.954241,-84.121147,"https://www.google.com/maps/@?api=1&map_action=pano&viewpoint=33.954241,-84.121147","https://www.google.com/maps/search/?api=1&query=33.954241,-84.121147"
3121,Breckinridge Blvd & Cascade Apartments,UNINCORPORATED,Gwinnett County DOT,County ROW,easiest,BRECKINRIDGE BLVD,,45.0,30,27.0,True,6,35.1,33.952456,-84.122912,"https://www.google.com/maps/@?api=1&map_action=pano&viewpoint=33.952456,-84.122912","https://www.google.com/maps/search/?api=1&query=33.952456,-84.122912"
3120,Koger Blvd & Devry University IB,UNINCORPORATED,Gwinnett County DOT,County ROW,easiest,KOGER BLVD,,25.0,30,27.0,True,5,35.1,33.948798,-84.122845,"https://www.google.com/maps/@?api=1&map_action=pano&viewpoint=33.948798,-84.122845","https://www.google.com/maps/search/?api=1&query=33.948798,-84.122845"
3117,Sweetwater Rd & Club Dr (FedEx/Kinkos),UNINCORPORATED,Gwinnett County DOT,County ROW,easiest,SWEETWATER RD,,35.0,30,27.0,True,5,35.1,33.942242,-84.126847,"https://www.google.com/maps/@?api=1&map_action=pano&viewpoint=33.942242,-84.126847","https://www.google.com/maps/search/?api=1&query=33.942242,-84.126847"
3112,Shackleford Rd & Doan Way IB,UNINCORPORATED,Gwinnett County DOT,County ROW,easiest,SHACKLEFORD RD,,45.0,30,27.0,True,3,35.1,33.94009,-84.148248,"https://www.google.com/maps/@?api=1&map_action=pano&viewpoint=33.94009,-84.148248","https://www.google.com/maps/search/?api=1&query=33.94009,-84.148248"
3064,Thompson Pkwy & Singleton Rd IB,UNINCORPORATED,Gwinnett County DOT,County ROW,easiest,THOMPSON PKWY,,35.0,30,27.0,True,8,35.1,33.90524,-84.201172,"https://www.google.com/maps/@?api=1&map_action=pano&viewpoint=33.90524,-84.201172","https://www.google.com/maps/search/?api=1&query=33.90524,-84.201172"
3071,Jimmy Carter Blvd & Wandering Way,UNINCORPORATED,Gwinnett County DOT,County ROW,easiest,JIMMY CARTER BLVD,,45.0,30,27.0,True,9,35.1,33.881175,-84.189919,"https://www.google.com/maps/@?api=1&map_action=pano&viewpoint=33.881175,-84.189919","https://www.google.com/maps/search/?api=1&query=33.881175,-84.189919"
3072,Jimmy Carter Blvd & Everest Tr,UNINCORPORATED,Gwinnett County DOT,County ROW,easiest,JIMMY CARTER BLVD,,45.0,30,27.0,True,2,35.1,33.878506,-84.188939,"https://www.google.com/maps/@?api=1&map_action=pano&viewpoint=33.878506,-84.188939","https://www.google.com/maps/search/?api=1&query=33.878506,-84.188939"
3073,Jimmy Carter Blvd & Paces Crossing Apts,UNINCORPORATED,Gwinnett County DOT,County ROW,easiest,JIMMY CARTER BLVD,,45.0,30,27.0,True,4,35.1,33.875258,-84.187922,"https://www.google.com/maps/@?api=1&map_action=pano&viewpoint=33.875258,-84.187922","https://www.google.com/maps/search/?api=1&query=33.875258,-84.187922"
3092,Burns Rd & Bradstone Trace,UNINCORPORATED,Gwinnett County DOT,County ROW,easiest,BURNS RD,,35.0,30,27.0,True,8,35.1,33.911007,-84.125244,"https://www.google.com/maps/@?api=1&map_action=pano&viewpoint=33.911007,-84.125244","https://www.google.com/maps/search/?api=1&query=33.911007,-84.125244"
3091,Burns Rd & Cliffglen Way IB,UNINCORPORATED,Gwinnett County DOT,County ROW,easiest,BURNS RD,,35.0,30,27.0,True,3,35.1,33.910512,-84.121631,"https://www.google.com/maps/@?api=1&map_action=pano&viewpoint=33.910512,-84.121631","https://www.google.com/maps/search/?api=1&query=33.910512,-84.121631"
3106,Steve Reynolds Blvd at Meadow Creek HS,UNINCORPORATED,Gwinnett County DOT,County ROW,easiest,STEVE REYNOLDS BLVD,,45.0,30,27.0,True,5,35.1,33.923512,-84.147052,"https://www.google.com/maps/@?api=1&map_action=pano&viewpoint=33.923512,-84.147052","https://www.google.com/maps/search/?api=1&query=33.923512,-84.147052"
3105,Steve Reynolds Blvd & Falling Water Ln I,UNINCORPORATED,Gwinnett County DOT,County ROW,easiest,STEVE REYNOLDS BLVD,,45.0,30,27.0,True,4,35.1,33.916442,-84.151394,"https://www.google.com/maps/@?api=1&map_action=pano&viewpoint=33.916442,-84.151394","https://www.google.com/maps/search/?api=1&query=33.916442,-84.151394"
3104,Steve Reynolds & Indian Trail Apts,UNINCORPORATED,Gwinnett County DOT,County ROW,easiest,STEVE REYNOLDS BLVD,,45.0,30,27.0,True,3,35.1,33.914535,-84.1542,"https://www.google.com/maps/@?api=1&map_action=pano&viewpoint=33.914535,-84.1542","https://www.google.com/maps/search/?api=1&query=33.914535,-84.1542"
3097,Burns Rd & Hillcrest Rd (across),UNINCORPORATED,Gwinnett County DOT,County ROW,easiest,BURNS RD,,35.0,30,27.0,True,3,35.1,33.906,-84.145863,"https://www.google.com/maps/@?api=1&map_action=pano&viewpoint=33.906,-84.145863","https://www.google.com/maps/search/?api=1&query=33.906,-84.145863"
3098,Burns Rd & Jodeco Cir (across),UNINCORPORATED,Gwinnett County DOT,County ROW,easiest,BURNS RD,,35.0,30,27.0,True,4,35.1,33.905054,-84.148139,"https://www.google.com/maps/@?api=1&map_action=pano&viewpoint=33.905054,-84.148139","https://www.google.com/maps/search/?api=1&query=33.905054,-84.148139"
3089,Burns Shopping Ctr & Pleasant Hill Rd IB,LILBURN,Gwinnett County DOT,County ROW,easiest,BURNS RD,,35.0,30,27.0,True,4,35.1,33.911279,-84.115297,"https://www.google.com/maps/@?api=1&map_action=pano&viewpoint=33.911279,-84.115297","https://www.google.com/maps/search/?api=1&query=33.911279,-84.115297"
3090,Burns Rd & Johns Way IB,UNINCORPORATED,Gwinnett County DOT,County ROW,easiest,BURNS RD,,35.0,30,27.0,True,3,35.1,33.911129,-84.11795,"https://www.google.com/maps/@?api=1&map_action=pano&viewpoint=33.911129,-84.11795","https://www.google.com/maps/search/?api=1&query=33.911129,-84.11795"
3074,Jimmy Carter Blvd & Hunters Club Ln,UNINCORPORATED,Gwinnett County DOT,County ROW,easiest,JIMMY CARTER BLVD,,45.0,30,27.0,True,5,35.1,33.872631,-84.187866,"https://www.google.com/maps/@?api=1&map_action=pano&viewpoint=33.872631,-84.187866","https://www.google.com/maps/search/?api=1&query=33.872631,-84.187866"
3096,Burns Rd & Springwood Dr IB,UNINCORPORATED,Gwinnett County DOT,County ROW,easiest,BURNS RD,,35.0,30,27.0,True,6,35.1,33.907392,-84.142868,"https://www.google.com/maps/@?api=1&map_action=pano&viewpoint=33.907392,-84.142868","https://www.google.com/maps/search/?api=1&query=33.907392,-84.142868"
3113,Shackleford Rd & Corporate Dr IB,UNINCORPORATED,Gwinnett County DOT,County ROW,easiest,SHACKLEFORD RD,,45.0,30,27.0,True,3,35.1,33.941298,-84.145905,"https://www.google.com/maps/@?api=1&map_action=pano&viewpoint=33.941298,-84.145905","https://www.google.com/maps/search/?api=1&query=33.941298,-84.145905"
3103,Steve Reynolds Blvd & Hillcrest Ct,UNINCORPORATED,Gwinnett County DOT,County ROW,easiest,STEVE REYNOLDS BLVD,,45.0,30,27.0,True,7,35.1,33.913275,-84.158648,"https://www.google.com/maps/@?api=1&map_action=pano&viewpoint=33.913275,-84.158648","https://www.google.com/maps/search/?api=1&query=33.913275,-84.158648"
3100,Indian Trail Rd & Wellington Sq Plaza,UNINCORPORATED,Gwinnett County DOT,County ROW,easiest,INDIAN TRAIL LILBURN RD,,45.0,30,27.0,True,2,35.1,33.907545,-84.156572,"https://www.google.com/maps/@?api=1&map_action=pano&viewpoint=33.907545,-84.156572","https://www.google.com/maps/search/?api=1&query=33.907545,-84.156572"
3095,Burns Rd & Burns Cir B,UNINCORPORATED,Gwinnett County DOT,County ROW,easiest,BURNS RD,,35.0,30,27.0,True,1,35.1,33.908773,-84.139887,"https://www.google.com/maps/@?api=1&map_action=pano&viewpoint=33.908773,-84.139887","https://www.google.com/maps/search/?api=1&query=33.908773,-84.139887"
3093,Burns Rd & Shady Dr,UNINCORPORATED,Gwinnett County DOT,County ROW,easiest,BURNS RD,,35.0,30,27.0,True,5,35.1,33.91233,-84.128914,"https://www.google.com/maps/@?api=1&map_action=pano&viewpoint=33.91233,-84.128914","https://www.google.com/maps/search/?api=1&query=33.91233,-84.128914"
3070,Jimmy Carter Blvd & Britt Rd,UNINCORPORATED,Gwinnett County DOT,County ROW,easiest,JIMMY CARTER BLVD,,45.0,30,27.0,True,5,35.1,33.885324,-84.191938,"https://www.google.com/maps/@?api=1&map_action=pano&viewpoint=33.885324,-84.191938","https://www.google.com/maps/search/?api=1&query=33.885324,-84.191938"
3067,Jimmy Carter Blvd & Shelby Dr,UNINCORPORATED,Gwinnett County DOT,County ROW,easiest,JIMMY CARTER BLVD,,40.0,30,27.0,True,8,35.1,33.895174,-84.196962,"https://www.google.com/maps/@?api=1&map_action=pano&viewpoint=33.895174,-84.196962","https://www.google.com/maps/search/?api=1&query=33.895174,-84.196962"
3069,Jimmy Carter Blvd & Sunrise Village Ln,UNINCORPORATED,Gwinnett County DOT,County ROW,easiest,JIMMY CARTER BLVD,,45.0,30,27.0,True,7,35.1,33.888539,-84.194407,"https://www.google.com/maps/@?api=1&map_action=pano&viewpoint=33.888539,-84.194407","https://www.google.com/maps/search/?api=1&query=33.888539,-84.194407"
3068,Jimmy Carter Blvd & Forest Vale Apts,UNINCORPORATED,Gwinnett County DOT,County ROW,easiest,JIMMY CARTER BLVD,,40.0,30,27.0,True,6,35.1,33.89292,-84.196442,"https://www.google.com/maps/@?api=1&map_action=pano&viewpoint=33.89292,-84.196442","https://www.google.com/maps/search/?api=1&query=33.89292,-84.196442"
3066,Jimmy Carter Blvd & Rockbridge Rd (IHOP),UNINCORPORATED,Gwinnett County DOT,County ROW,easiest,JIMMY CARTER BLVD,,40.0,30,27.0,True,9,35.1,33.896308,-84.197557,"https://www.google.com/maps/@?api=1&map_action=pano&viewpoint=33.896308,-84.197557","https://www.google.com/maps/search/?api=1&query=33.896308,-84.197557"
3065,Jimmy Carter Blvd & Gale Dr,UNINCORPORATED,Gwinnett County DOT,County ROW,easiest,JIMMY CARTER BLVD,,40.0,30,27.0,True,5,35.1,33.899287,-84.20364,"https://www.google.com/maps/@?api=1&map_action=pano&viewpoint=33.899287,-84.20364","https://www.google.com/maps/search/?api=1&query=33.899287,-84.20364"
3101,Indian Tr & Wuthering Way (CPA) IB,UNINCORPORATED,Gwinnett County DOT,County ROW,easiest,INDIAN TRAIL LILBURN RD,,45.0,30,27.0,True,3,35.1,33.909793,-84.157312,"https://www.google.com/maps/@?api=1&map_action=pano&viewpoint=33.909793,-84.157312","https://www.google.com/maps/search/?api=1&query=33.909793,-84.157312"
3102,Indian Trail Rd & Steve Reynolds Blvd,UNINCORPORATED,Gwinnett County DOT,County ROW,easiest,INDIAN TRAIL LILBURN RD,,45.0,30,27.0,True,7,35.1,33.913309,-84.160959,"https://www.google.com/maps/@?api=1&map_action=pano&viewpoint=33.913309,-84.160959","https://www.google.com/maps/search/?api=1&query=33.913309,-84.160959"
3094,Burns Rd & Beaver Ruin Rd (CVS),UNINCORPORATED,Gwinnett County DOT,County ROW,easiest,BURNS RD,,35.0,30,27.0,False,5,0.0,33.912088,-84.133225,"https://www.google.com/maps/@?api=1&map_action=pano&viewpoint=33.912088,-84.133225","https://www.google.com/maps/search/?api=1&query=33.912088,-84.133225"
3099,Indian Trail Rd & Indian Trail Ct Plaza,UNINCORPORATED,Gwinnett County DOT,County ROW,easiest,INDIAN TRAIL LILBURN RD,,45.0,30,27.0,False,5,0.0,33.905235,-84.154727,"https://www.google.com/maps/@?api=1&map_action=pano&viewpoint=33.905235,-84.154727","https://www.google.com/maps/search/?api=1&query=33.905235,-84.154727"
3111,Park Dr & Shackleford Rd,UNINCORPORATED,Gwinnett County DOT,County ROW,easiest,PARK DR,,35.0,30,27.0,False,2,0.0,33.938766,-84.149613,"https://www.google.com/maps/@?api=1&map_action=pano&viewpoint=33.938766,-84.149613","https://www.google.com/maps/search/?api=1&query=33.938766,-84.149613"
3109,Park Dr & Beaver Ruin Rd IB,UNINCORPORATED,Gwinnett County DOT,County ROW,easiest,PARK DR,,35.0,30,27.0,False,4,0.0,33.933561,-84.153021,"https://www.google.com/maps/@?api=1&map_action=pano&viewpoint=33.933561,-84.153021","https://www.google.com/maps/search/?api=1&query=33.933561,-84.153021"
3114,Club Dr & Shackleford Rd,UNINCORPORATED,Gwinnett County DOT,County ROW,easiest,CLUB DR,,40.0,30,27.0,False,1,0.0,33.942659,-84.14035,"https://www.google.com/maps/@?api=1&map_action=pano&viewpoint=33.942659,-84.14035","https://www.google.com/maps/search/?api=1&query=33.942659,-84.14035"
1020,Satellite Blvd & Menlo Creek Apts OB,UNINCORPORATED,Gwinnett County DOT,County ROW,easiest,SATELLITE BLVD,,45.0,10A,24.0,True,4,31.2,33.946113,-84.156808,"https://www.google.com/maps/@?api=1&map_action=pano&viewpoint=33.946113,-84.156808","https://www.google.com/maps/search/?api=1&query=33.946113,-84.156808"
1019,Satellite Blvd & Bridgewater Apts OB,UNINCORPORATED,Gwinnett County DOT,County ROW,easiest,SATELLITE BLVD,,45.0,10A,24.0,True,3,31.2,33.947726,-84.154189,"https://www.google.com/maps/@?api=1&map_action=pano&viewpoint=33.947726,-84.154189","https://www.google.com/maps/search/?api=1&query=33.947726,-84.154189"
1018,Satellite Blvd & Gwinnett Square Apts OB,UNINCORPORATED,Gwinnett County DOT,County ROW,easiest,SATELLITE BLVD,,45.0,10A,24.0,True,5,31.2,33.949171,-84.151444,"https://www.google.com/maps/@?api=1&map_action=pano&viewpoint=33.949171,-84.151444","https://www.google.com/maps/search/?api=1&query=33.949171,-84.151444"
1017,Satellite Blvd & The Eclipse Apts OB,UNINCORPORATED,Gwinnett County DOT,County ROW,easiest,SATELLITE BLVD,,45.0,10A,24.0,True,6,31.2,33.950188,-84.149394,"https://www.google.com/maps/@?api=1&map_action=pano&viewpoint=33.950188,-84.149394","https://www.google.com/maps/search/?api=1&query=33.950188,-84.149394"
1109,Satellite Blvd & West Liddell IB,UNINCORPORATED,Gwinnett County DOT,County ROW,easiest,SATELLITE BLVD,,45.0,10A,24.0,True,6,31.2,33.951248,-84.146636,"https://www.google.com/maps/@?api=1&map_action=pano&viewpoint=33.951248,-84.146636","https://www.google.com/maps/search/?api=1&query=33.951248,-84.146636"
1103,Satellite Blvd & Hopkins Mill Rd IB,UNINCORPORATED,Gwinnett County DOT,County ROW,easiest,SATELLITE BLVD,,45.0,10A,24.0,True,4,31.2,33.941168,-84.163515,"https://www.google.com/maps/@?api=1&map_action=pano&viewpoint=33.941168,-84.163515","https://www.google.com/maps/search/?api=1&query=33.941168,-84.163515"
1102,Satellite Blvd at Valley Ridge Ln IB,UNINCORPORATED,Gwinnett County DOT,County ROW,easiest,SATELLITE BLVD,,45.0,10A,24.0,True,5,31.2,33.939937,-84.167549,"https://www.google.com/maps/@?api=1&map_action=pano&viewpoint=33.939937,-84.167549","https://www.google.com/maps/search/?api=1&query=33.939937,-84.167549"
1107,Satellite Blvd & Century Apartments,UNINCORPORATED,Gwinnett County DOT,County ROW,easiest,SATELLITE BLVD,,45.0,10A,24.0,True,3,31.2,33.948374,-84.152361,"https://www.google.com/maps/@?api=1&map_action=pano&viewpoint=33.948374,-84.152361","https://www.google.com/maps/search/?api=1&query=33.948374,-84.152361"
1105,Satellite Blvd & Menlo Creek Apts,UNINCORPORATED,Gwinnett County DOT,County ROW,easiest,SATELLITE BLVD,,45.0,10A,24.0,True,4,31.2,33.946077,-84.156474,"https://www.google.com/maps/@?api=1&map_action=pano&viewpoint=33.946077,-84.156474","https://www.google.com/maps/search/?api=1&query=33.946077,-84.156474"
1104,Satellite Blvd & I Love Pho Restaurant I,UNINCORPORATED,Gwinnett County DOT,County ROW,easiest,SATELLITE BLVD,,45.0,10A,24.0,True,3,31.2,33.942931,-84.160085,"https://www.google.com/maps/@?api=1&map_action=pano&viewpoint=33.942931,-84.160085","https://www.google.com/maps/search/?api=1&query=33.942931,-84.160085"
1110,Satellite Blvd & Steve Reynolds Blvd IB,UNINCORPORATED,Gwinnett County DOT,County ROW,easiest,SATELLITE BLVD,,45.0,10A,24.0,True,8,31.2,33.953715,-84.142526,"https://www.google.com/maps/@?api=1&map_action=pano&viewpoint=33.953715,-84.142526","https://www.google.com/maps/search/?api=1&query=33.953715,-84.142526"
1106,Satellite Blvd at Recycling Center IB,UNINCORPORATED,Gwinnett County DOT,County ROW,easiest,SATELLITE BLVD,,45.0,10A,24.0,True,4,31.2,33.947381,-84.154272,"https://www.google.com/maps/@?api=1&map_action=pano&viewpoint=33.947381,-84.154272","https://www.google.com/maps/search/?api=1&query=33.947381,-84.154272"
1108,Satellite Blvd & Aviation Insitute IB,UNINCORPORATED,Gwinnett County DOT,County ROW,easiest,SATELLITE BLVD,,45.0,10A,24.0,True,2,31.2,33.950085,-84.149097,"https://www.google.com/maps/@?api=1&map_action=pano&viewpoint=33.950085,-84.149097","https://www.google.com/maps/search/?api=1&query=33.950085,-84.149097"
1015,Satellite Blvd & Steve Reynolds Blvd OB,UNINCORPORATED,Gwinnett County DOT,County ROW,easiest,SATELLITE BLVD,,45.0,10A,24.0,True,4,31.2,33.954575,-84.141816,"https://www.google.com/maps/@?api=1&map_action=pano&viewpoint=33.954575,-84.141816","https://www.google.com/maps/search/?api=1&query=33.954575,-84.141816"
1023,Satellite Blvd & Pond Rd,UNINCORPORATED,Gwinnett County DOT,County ROW,easiest,SATELLITE BLVD,,45.0,10A,24.0,True,3,31.2,33.940514,-84.16711,"https://www.google.com/maps/@?api=1&map_action=pano&viewpoint=33.940514,-84.16711","https://www.google.com/maps/search/?api=1&query=33.940514,-84.16711"
1022,Satellite Blvd & Hopkins Mill Rd,UNINCORPORATED,Gwinnett County DOT,County ROW,easiest,SATELLITE BLVD,,45.0,10A,24.0,True,4,31.2,33.941335,-84.163886,"https://www.google.com/maps/@?api=1&map_action=pano&viewpoint=33.941335,-84.163886","https://www.google.com/maps/search/?api=1&query=33.941335,-84.163886"
1016,Satellite Blvd & W Liddell Rd,UNINCORPORATED,Gwinnett County DOT,County ROW,easiest,SATELLITE BLVD,,45.0,10A,24.0,True,4,31.2,33.95128,-84.147098,"https://www.google.com/maps/@?api=1&map_action=pano&viewpoint=33.95128,-84.147098","https://www.google.com/maps/search/?api=1&query=33.95128,-84.147098"
1021,Satellite Blvd & Public Storage OB,UNINCORPORATED,Gwinnett County DOT,County ROW,easiest,SATELLITE BLVD,,45.0,10A,24.0,True,4,31.2,33.943424,-84.159894,"https://www.google.com/maps/@?api=1&map_action=pano&viewpoint=33.943424,-84.159894","https://www.google.com/maps/search/?api=1&query=33.943424,-84.159894"
1156,N Berkeley Lake Rd & Storage OB,DULUTH,Gwinnett County DOT,County ROW,easiest,N BERKELEY LAKE RD,,40.0,10B,19.0,True,5,24.9,33.975281,-84.161028,"https://www.google.com/maps/@?api=1&map_action=pano&viewpoint=33.975281,-84.161028","https://www.google.com/maps/search/?api=1&query=33.975281,-84.161028"
1155,N Berkeley Lake Rd & The Estates Apts OB,DULUTH,Gwinnett County DOT,County ROW,easiest,N BERKELEY LAKE RD,,40.0,10B,19.0,True,4,24.9,33.9713,-84.155256,"https://www.google.com/maps/@?api=1&map_action=pano&viewpoint=33.9713,-84.155256","https://www.google.com/maps/search/?api=1&query=33.9713,-84.155256"
1151,Steve Reynolds Blvd & Old Norcross Rd OB,UNINCORPORATED,Gwinnett County DOT,County ROW,easiest,STEVE REYNOLDS BLVD,,45.0,10B,19.0,True,2,24.9,33.962246,-84.141584,"https://www.google.com/maps/@?api=1&map_action=pano&viewpoint=33.962246,-84.141584","https://www.google.com/maps/search/?api=1&query=33.962246,-84.141584"
1153,N Berkeley Lake Rd & Marquis @ Nberkeley,DULUTH,Gwinnett County DOT,County ROW,easiest,N BERKELEY LAKE RD,,40.0,10B,19.0,True,4,24.9,33.968887,-84.151212,"https://www.google.com/maps/@?api=1&map_action=pano&viewpoint=33.968887,-84.151212","https://www.google.com/maps/search/?api=1&query=33.968887,-84.151212"
1152,N Berkeley Lake Rd & Wal-Mart OB,DULUTH,Gwinnett County DOT,County ROW,easiest,N BERKELEY LAKE RD,,40.0,10B,19.0,True,2,24.9,33.969059,-84.149374,"https://www.google.com/maps/@?api=1&map_action=pano&viewpoint=33.969059,-84.149374","https://www.google.com/maps/search/?api=1&query=33.969059,-84.149374"
1150,Steve Reynolds Blvd & 7 Coffee Shop OB,UNINCORPORATED,Gwinnett County DOT,County ROW,easiest,STEVE REYNOLDS BLVD,,45.0,10B,19.0,True,5,24.9,33.958461,-84.141603,"https://www.google.com/maps/@?api=1&map_action=pano&viewpoint=33.958461,-84.141603","https://www.google.com/maps/search/?api=1&query=33.958461,-84.141603"
1154,N Berkeley Lake Rd & Cross Road Dist,DULUTH,Gwinnett County DOT,County ROW,easiest,N BERKELEY LAKE RD,,40.0,10B,19.0,True,5,24.9,33.969912,-84.154171,"https://www.google.com/maps/@?api=1&map_action=pano&viewpoint=33.969912,-84.154171","https://www.google.com/maps/search/?api=1&query=33.969912,-84.154171"
5032,Satellite Blvd @ Kiddie Academy of Suwan,UNINCORPORATED,Gwinnett County DOT,County ROW,easiest,SATELLITE BLVD,,45.0,50,18.0,True,2,23.4,34.00583,-84.076829,"https://www.google.com/maps/@?api=1&map_action=pano&viewpoint=34.00583,-84.076829","https://www.google.com/maps/search/?api=1&query=34.00583,-84.076829"
5026,Satellite Blvd & Wildwood Road,UNINCORPORATED,Gwinnett County DOT,County ROW,easiest,SATELLITE BLVD,,45.0,50,18.0,True,3,23.4,34.010367,-84.073234,"https://www.google.com/maps/@?api=1&map_action=pano&viewpoint=34.010367,-84.073234","https://www.google.com/maps/search/?api=1&query=34.010367,-84.073234"
5052,The Ivy Artison - Woodward Crossing Entr,UNINCORPORATED,Gwinnett County DOT,County ROW,easiest,WOODWARD CROSSING BLVD,,45.0,50,18.0,True,5,23.4,34.06714,-83.97707,"https://www.google.com/maps/@?api=1&map_action=pano&viewpoint=34.06714,-83.97707","https://www.google.com/maps/search/?api=1&query=34.06714,-83.97707"
5006,Mall of GA Blvd & Appaloosa Lane NE,UNINCORPORATED,Gwinnett County DOT,County ROW,easiest,MALL OF GEORGIA BLVD,,45.0,50,18.0,True,5,23.4,34.064498,-83.977198,"https://www.google.com/maps/@?api=1&map_action=pano&viewpoint=34.064498,-83.977198","https://www.google.com/maps/search/?api=1&query=34.064498,-83.977198"
5005,Mall of GA Blvd & Nature Pkwy IB,UNINCORPORATED,Gwinnett County DOT,County ROW,easiest,MALL OF GEORGIA BLVD,,45.0,50,18.0,True,4,23.4,34.06111,-83.985252,"https://www.google.com/maps/@?api=1&map_action=pano&viewpoint=34.06111,-83.985252","https://www.google.com/maps/search/?api=1&query=34.06111,-83.985252"
5007,Woodward Crossing Blvd @ The Enzo at Art,UNINCORPORATED,Gwinnett County DOT,County ROW,easiest,WOODWARD CROSSING BLVD,,45.0,50,18.0,True,3,23.4,34.067438,-83.977118,"https://www.google.com/maps/@?api=1&map_action=pano&viewpoint=34.067438,-83.977118","https://www.google.com/maps/search/?api=1&query=34.067438,-83.977118"
5030,1790 Satellite Blvd - Sugarloaf Distribu,UNINCORPORATED,Gwinnett County DOT,County ROW,easiest,SATELLITE BLVD,,45.0,50,18.0,True,5,23.4,33.996985,-84.087316,"https://www.google.com/maps/@?api=1&map_action=pano&viewpoint=33.996985,-84.087316","https://www.google.com/maps/search/?api=1&query=33.996985,-84.087316"
5037,300 Satellite Blvd - QTS Building (2nd E,SUWANEE,Gwinnett County DOT,County ROW,easiest,SATELLITE BLVD,,45.0,50,18.0,True,3,23.4,34.03694,-84.059979,"https://www.google.com/maps/@?api=1&map_action=pano&viewpoint=34.03694,-84.059979","https://www.google.com/maps/search/?api=1&query=34.03694,-84.059979"
5027,Satellite Blvd @ Peachtree Villa Suwanee,UNINCORPORATED,Gwinnett County DOT,County ROW,easiest,SATELLITE BLVD,,45.0,50,18.0,True,2,23.4,34.00482,-84.079369,"https://www.google.com/maps/@?api=1&map_action=pano&viewpoint=34.00482,-84.079369","https://www.google.com/maps/search/?api=1&query=34.00482,-84.079369"
5028,Satellite Blvd @ Sugarloaf Business Cent,UNINCORPORATED,Gwinnett County DOT,County ROW,easiest,SATELLITE BLVD,,45.0,50,18.0,True,2,23.4,33.99642,-84.087689,"https://www.google.com/maps/@?api=1&map_action=pano&viewpoint=33.99642,-84.087689","https://www.google.com/maps/search/?api=1&query=33.99642,-84.087689"
5029,Satellite Blvd @ Marlow's Tavern,UNINCORPORATED,Gwinnett County DOT,County ROW,easiest,SATELLITE BLVD,,45.0,50,18.0,True,4,23.4,33.991163,-84.086507,"https://www.google.com/maps/@?api=1&map_action=pano&viewpoint=33.991163,-84.086507","https://www.google.com/maps/search/?api=1&query=33.991163,-84.086507"
5031,1640 Satellite Blvd - Satellite Blvd @ I,UNINCORPORATED,Gwinnett County DOT,County ROW,easiest,SATELLITE BLVD,,45.0,50,18.0,True,3,23.4,33.99993,-84.083509,"https://www.google.com/maps/@?api=1&map_action=pano&viewpoint=33.99993,-84.083509","https://www.google.com/maps/search/?api=1&query=33.99993,-84.083509"
5033,Satellite Blvd @ La Mega Radio Station,UNINCORPORATED,Gwinnett County DOT,County ROW,easiest,SATELLITE BLVD,,45.0,50,18.0,True,3,23.4,34.01193,-84.07213,"https://www.google.com/maps/@?api=1&map_action=pano&viewpoint=34.01193,-84.07213","https://www.google.com/maps/search/?api=1&query=34.01193,-84.07213"
5024,Satellte Blvd & Habasit America,UNINCORPORATED,Gwinnett County DOT,County ROW,easiest,SATELLITE BLVD,,45.0,50,18.0,True,2,23.4,34.0237,-84.0636,"https://www.google.com/maps/@?api=1&map_action=pano&viewpoint=34.0237,-84.0636","https://www.google.com/maps/search/?api=1&query=34.0237,-84.0636"
5053,The Ivy Artison - Mall of GA Blvd Entran,UNINCORPORATED,Gwinnett County DOT,County ROW,easiest,MALL OF GEORGIA BLVD,,45.0,50,18.0,True,5,23.4,34.06478,-83.97717,"https://www.google.com/maps/@?api=1&map_action=pano&viewpoint=34.06478,-83.97717","https://www.google.com/maps/search/?api=1&query=34.06478,-83.97717"
5008,Woodward Crossing Blvd & Piedmont Drive,UNINCORPORATED,Gwinnett County DOT,County ROW,easiest,WOODWARD CROSSING BLVD,,45.0,50,18.0,True,3,23.4,34.06883,-83.982849,"https://www.google.com/maps/@?api=1&map_action=pano&viewpoint=34.06883,-83.982849","https://www.google.com/maps/search/?api=1&query=34.06883,-83.982849"
5001,Old Peachtree Road & Cedar Drive,UNINCORPORATED,Gwinnett County DOT,County ROW,easiest,OLD PEACHTREE RD,,45.0,50,18.0,True,1,23.4,34.034421,-83.997825,"https://www.google.com/maps/@?api=1&map_action=pano&viewpoint=34.034421,-83.997825","https://www.google.com/maps/search/?api=1&query=34.034421,-83.997825"
5002,2435 Tech Center Drive,UNINCORPORATED,Gwinnett County DOT,County ROW,easiest,TECH CENTER PKWY,,35.0,50,18.0,True,5,23.4,34.043011,-83.994514,"https://www.google.com/maps/@?api=1&map_action=pano&viewpoint=34.043011,-83.994514","https://www.google.com/maps/search/?api=1&query=34.043011,-83.994514"
1182,N Berkeley Lake Road & Wal-Mart,DULUTH,Gwinnett County DOT,County ROW,easiest,N BERKELEY LAKE RD,,40.0,10B,18.0,True,2,23.4,33.968889,-84.149369,"https://www.google.com/maps/@?api=1&map_action=pano&viewpoint=33.968889,-84.149369","https://www.google.com/maps/search/?api=1&query=33.968889,-84.149369"
1183,Steve Reynolds Blvd & Old Norcross Rd,UNINCORPORATED,Gwinnett County DOT,County ROW,easiest,STEVE REYNOLDS BLVD,,40.0,10B,18.0,True,5,23.4,33.963083,-84.142421,"https://www.google.com/maps/@?api=1&map_action=pano&viewpoint=33.963083,-84.142421","https://www.google.com/maps/search/?api=1&query=33.963083,-84.142421"
1184,Steve Reynolds Blvd & Chesdan Dr,UNINCORPORATED,Gwinnett County DOT,County ROW,easiest,STEVE REYNOLDS BLVD,,45.0,10B,18.0,True,6,23.4,33.959271,-84.141743,"https://www.google.com/maps/@?api=1&map_action=pano&viewpoint=33.959271,-84.141743","https://www.google.com/maps/search/?api=1&query=33.959271,-84.141743"
1179,N Berkeley Lake Rd & Storage IB,DULUTH,Gwinnett County DOT,County ROW,easiest,N BERKELEY LAKE RD,,40.0,10B,18.0,True,4,23.4,33.975304,-84.161575,"https://www.google.com/maps/@?api=1&map_action=pano&viewpoint=33.975304,-84.161575","https://www.google.com/maps/search/?api=1&query=33.975304,-84.161575"
1181,N Berkeley Lake Rd & Marquis @ Nberkeley,DULUTH,Gwinnett County DOT,County ROW,easiest,N BERKELEY LAKE RD,,40.0,10B,18.0,True,6,23.4,33.968742,-84.1515,"https://www.google.com/maps/@?api=1&map_action=pano&viewpoint=33.968742,-84.1515","https://www.google.com/maps/search/?api=1&query=33.968742,-84.1515"
1180,N Berkeley Lake Rd & The Estates Apts IB,DULUTH,Gwinnett County DOT,County ROW,easiest,N BERKELEY LAKE RD,,40.0,10B,18.0,True,5,23.4,33.97126,-84.15542,"https://www.google.com/maps/@?api=1&map_action=pano&viewpoint=33.97126,-84.15542","https://www.google.com/maps/search/?api=1&query=33.97126,-84.15542"
5023,605 Satellite Blvd,UNINCORPORATED,Gwinnett County DOT,County ROW,easiest,SATELLITE BLVD,,45.0,50,18.0,False,2,0.0,34.027808,-84.066873,"https://www.google.com/maps/@?api=1&map_action=pano&viewpoint=34.027808,-84.066873","https://www.google.com/maps/search/?api=1&query=34.027808,-84.066873"
5025,Satellite Blvd & Shawnee Ridge Court,UNINCORPORATED,Gwinnett County DOT,County ROW,easiest,SATELLITE BLVD,,45.0,50,18.0,False,3,0.0,34.015591,-84.069393,"https://www.google.com/maps/@?api=1&map_action=pano&viewpoint=34.015591,-84.069393","https://www.google.com/maps/search/?api=1&query=34.015591,-84.069393"
5034,1100 Satellite Blvd - Brightfire Entranc,UNINCORPORATED,Gwinnett County DOT,County ROW,easiest,SATELLITE BLVD,,45.0,50,18.0,False,1,0.0,34.01632,-84.06784,"https://www.google.com/maps/@?api=1&map_action=pano&viewpoint=34.01632,-84.06784","https://www.google.com/maps/search/?api=1&query=34.01632,-84.06784"
5035,800 Satellite Blvd - Sage School,UNINCORPORATED,Gwinnett County DOT,County ROW,easiest,SATELLITE BLVD,,45.0,50,18.0,False,3,0.0,34.02354,-84.06323,"https://www.google.com/maps/@?api=1&map_action=pano&viewpoint=34.02354,-84.06323","https://www.google.com/maps/search/?api=1&query=34.02354,-84.06323"
5036,Satellite Blvd & Shawnee Industrial Way,UNINCORPORATED,Gwinnett County DOT,County ROW,easiest,SATELLITE BLVD,,45.0,50,18.0,False,1,0.0,34.02775,-84.0665,"https://www.google.com/maps/@?api=1&map_action=pano&viewpoint=34.02775,-84.0665","https://www.google.com/maps/search/?api=1&query=34.02775,-84.0665"
5022,Satellite Blvd & Martin Farm Road,SUWANEE,Gwinnett County DOT,County ROW,easiest,SATELLITE BLVD,,45.0,50,18.0,False,1,0.0,34.038869,-84.056559,"https://www.google.com/maps/@?api=1&map_action=pano&viewpoint=34.038869,-84.056559","https://www.google.com/maps/search/?api=1&query=34.038869,-84.056559"
2537,Five Forks Trickum Road at Parkview Way,UNINCORPORATED,Gwinnett County DOT,County ROW,easiest,FIVE FORKS TRICKUM RD,,40.0,25,17.0,True,3,22.2,33.85434,-84.107006,"https://www.google.com/maps/@?api=1&map_action=pano&viewpoint=33.85434,-84.107006","https://www.google.com/maps/search/?api=1&query=33.85434,-84.107006"
2538,Five Forks Trickum Road at Hickory Lane,UNINCORPORATED,Gwinnett County DOT,County ROW,easiest,FIVE FORKS TRICKUM RD,,40.0,25,17.0,True,5,22.2,33.852663,-84.110689,"https://www.google.com/maps/@?api=1&map_action=pano&viewpoint=33.852663,-84.110689","https://www.google.com/maps/search/?api=1&query=33.852663,-84.110689"
2598,Pleasant Hill Road at Venture Drive,UNINCORPORATED,Gwinnett County DOT,County ROW,easiest,PLEASANT HILL RD,,40.0,25,17.0,True,5,22.2,33.954682,-84.131506,"https://www.google.com/maps/@?api=1&map_action=pano&viewpoint=33.954682,-84.131506","https://www.google.com/maps/search/?api=1&query=33.954682,-84.131506"
2542,Five Forks Trickum Road at Brown Road,UNINCORPORATED,Gwinnett County DOT,County ROW,easiest,FIVE FORKS TRICKUM RD,,40.0,25,17.0,True,9,22.2,33.843625,-84.128566,"https://www.google.com/maps/@?api=1&map_action=pano&viewpoint=33.843625,-84.128566","https://www.google.com/maps/search/?api=1&query=33.843625,-84.128566"
2541,Five Forks Trickum Road at Garner Road,UNINCORPORATED,Gwinnett County DOT,County ROW,easiest,FIVE FORKS TRICKUM RD,,40.0,25,17.0,True,3,22.2,33.847437,-84.121753,"https://www.google.com/maps/@?api=1&map_action=pano&viewpoint=33.847437,-84.121753","https://www.google.com/maps/search/?api=1&query=33.847437,-84.121753"
2540,Five Forks Trickum Road at Westchester D,UNINCORPORATED,Gwinnett County DOT,County ROW,easiest,FIVE FORKS TRICKUM RD,,40.0,25,17.0,True,5,22.2,33.849019,-84.117035,"https://www.google.com/maps/@?api=1&map_action=pano&viewpoint=33.849019,-84.117035","https://www.google.com/maps/search/?api=1&query=33.849019,-84.117035"
2539,Five Forks Trickum Road at JB Williams P,UNINCORPORATED,Gwinnett County DOT,County ROW,easiest,FIVE FORKS TRICKUM RD,,40.0,25,17.0,True,6,22.2,33.850664,-84.114251,"https://www.google.com/maps/@?api=1&map_action=pano&viewpoint=33.850664,-84.114251","https://www.google.com/maps/search/?api=1&query=33.850664,-84.114251"
2591,Pleasant Hill Road at Pleasant Hill Comm,UNINCORPORATED,Gwinnett County DOT,County ROW,easiest,PLEASANT HILL RD,,45.0,25,17.0,True,6,22.2,33.922421,-84.113771,"https://www.google.com/maps/@?api=1&map_action=pano&viewpoint=33.922421,-84.113771","https://www.google.com/maps/search/?api=1&query=33.922421,-84.113771"
2590,Pleasant Hill Road at Lakeside Walk Driv,UNINCORPORATED,Gwinnett County DOT,County ROW,easiest,PLEASANT HILL RD,,45.0,25,17.0,True,8,22.2,33.9209,-84.113601,"https://www.google.com/maps/@?api=1&map_action=pano&viewpoint=33.9209,-84.113601","https://www.google.com/maps/search/?api=1&query=33.9209,-84.113601"
2599,Pleasant Hill Road at Mall Blvd,UNINCORPORATED,Gwinnett County DOT,County ROW,easiest,PLEASANT HILL RD,,40.0,25,17.0,True,9,22.2,33.957581,-84.133484,"https://www.google.com/maps/@?api=1&map_action=pano&viewpoint=33.957581,-84.133484","https://www.google.com/maps/search/?api=1&query=33.957581,-84.133484"
2579,Killian Hill Road at Nantucket Road,LILBURN,Gwinnett County DOT,County ROW,easiest,KILLIAN HILL RD,,45.0,25,17.0,True,5,22.2,33.886352,-84.121331,"https://www.google.com/maps/@?api=1&map_action=pano&viewpoint=33.886352,-84.121331","https://www.google.com/maps/search/?api=1&query=33.886352,-84.121331"
2578,Killian Hill Road at Arcado Road,LILBURN,Gwinnett County DOT,County ROW,easiest,KILLIAN HILL RD,,45.0,25,17.0,True,2,22.2,33.88342,-84.1163,"https://www.google.com/maps/@?api=1&map_action=pano&viewpoint=33.88342,-84.1163","https://www.google.com/maps/search/?api=1&query=33.88342,-84.1163"
2576,Killian Hill Road at Linda Lane,UNINCORPORATED,Gwinnett County DOT,County ROW,easiest,KILLIAN HILL RD,,45.0,25,17.0,True,4,22.2,33.876629,-84.108212,"https://www.google.com/maps/@?api=1&map_action=pano&viewpoint=33.876629,-84.108212","https://www.google.com/maps/search/?api=1&query=33.876629,-84.108212"
2575,Killian Hill Road at Deer Ridge Court,UNINCORPORATED,Gwinnett County DOT,County ROW,easiest,KILLIAN HILL RD,,45.0,25,17.0,True,1,22.2,33.872002,-84.10403,"https://www.google.com/maps/@?api=1&map_action=pano&viewpoint=33.872002,-84.10403","https://www.google.com/maps/search/?api=1&query=33.872002,-84.10403"
2573,Five Forks Trickum Road at Hasty Court,UNINCORPORATED,Gwinnett County DOT,County ROW,easiest,FIVE FORKS TRICKUM RD,,45.0,25,17.0,True,6,22.2,33.866399,-84.095562,"https://www.google.com/maps/@?api=1&map_action=pano&viewpoint=33.866399,-84.095562","https://www.google.com/maps/search/?api=1&query=33.866399,-84.095562"
2589,Pleasant Hill Road at Lake Knoll Drive,LILBURN,Gwinnett County DOT,County ROW,easiest,PLEASANT HILL RD,,45.0,25,17.0,True,4,22.2,33.911779,-84.114042,"https://www.google.com/maps/@?api=1&map_action=pano&viewpoint=33.911779,-84.114042","https://www.google.com/maps/search/?api=1&query=33.911779,-84.114042"
2581,Killian Hill Road at Sandra Drive,LILBURN,Gwinnett County DOT,County ROW,easiest,KILLIAN HILL RD,,35.0,25,17.0,True,5,22.2,33.893551,-84.130726,"https://www.google.com/maps/@?api=1&map_action=pano&viewpoint=33.893551,-84.130726","https://www.google.com/maps/search/?api=1&query=33.893551,-84.130726"
2597,Pleasant Hill Road at Breckinridge Blvd,UNINCORPORATED,Gwinnett County DOT,County ROW,easiest,PLEASANT HILL RD,,40.0,25,17.0,True,5,22.2,33.950276,-84.128445,"https://www.google.com/maps/@?api=1&map_action=pano&viewpoint=33.950276,-84.128445","https://www.google.com/maps/search/?api=1&query=33.950276,-84.128445"
2596,Pleasant Hill Road at Crestwood Pkwy,UNINCORPORATED,Gwinnett County DOT,County ROW,easiest,PLEASANT HILL RD,,45.0,25,17.0,True,4,22.2,33.947819,-84.126768,"https://www.google.com/maps/@?api=1&map_action=pano&viewpoint=33.947819,-84.126768","https://www.google.com/maps/search/?api=1&query=33.947819,-84.126768"
2595,Pleasant Hill Road at Club Drive,UNINCORPORATED,Gwinnett County DOT,County ROW,easiest,PLEASANT HILL RD,,45.0,25,17.0,True,8,22.2,33.941826,-84.122617,"https://www.google.com/maps/@?api=1&map_action=pano&viewpoint=33.941826,-84.122617","https://www.google.com/maps/search/?api=1&query=33.941826,-84.122617"
2594,Pleasant Hill Road at Corley Place,UNINCORPORATED,Gwinnett County DOT,County ROW,easiest,PLEASANT HILL RD,,45.0,25,17.0,True,10,22.2,33.937215,-84.120665,"https://www.google.com/maps/@?api=1&map_action=pano&viewpoint=33.937215,-84.120665","https://www.google.com/maps/search/?api=1&query=33.937215,-84.120665"
2593,Pleasant Hill Road at Arc Way,UNINCORPORATED,Gwinnett County DOT,County ROW,easiest,PLEASANT HILL RD,,45.0,25,17.0,True,3,22.2,33.932748,-84.120014,"https://www.google.com/maps/@?api=1&map_action=pano&viewpoint=33.932748,-84.120014","https://www.google.com/maps/search/?api=1&query=33.932748,-84.120014"
2592,Pleasant Hill Road at Cruse Road,UNINCORPORATED,Gwinnett County DOT,County ROW,easiest,PLEASANT HILL RD,,45.0,25,17.0,True,5,22.2,33.925807,-84.11438,"https://www.google.com/maps/@?api=1&map_action=pano&viewpoint=33.925807,-84.11438","https://www.google.com/maps/search/?api=1&query=33.925807,-84.11438"
2571,Five Forks Trickum Road at Lucerne Road,UNINCORPORATED,Gwinnett County DOT,County ROW,easiest,FIVE FORKS TRICKUM RD,,45.0,25,17.0,True,1,22.2,33.856395,-84.102012,"https://www.google.com/maps/@?api=1&map_action=pano&viewpoint=33.856395,-84.102012","https://www.google.com/maps/search/?api=1&query=33.856395,-84.102012"
2570,Five Forks Trickum Road at Parkview Way,UNINCORPORATED,Gwinnett County DOT,County ROW,easiest,FIVE FORKS TRICKUM RD,,40.0,25,17.0,True,3,22.2,33.85425,-84.106881,"https://www.google.com/maps/@?api=1&map_action=pano&viewpoint=33.85425,-84.106881","https://www.google.com/maps/search/?api=1&query=33.85425,-84.106881"
2572,Five Forks Trickum Road at Oleander Driv,UNINCORPORATED,Gwinnett County DOT,County ROW,easiest,FIVE FORKS TRICKUM RD,,45.0,25,17.0,True,1,22.2,33.861124,-84.096695,"https://www.google.com/maps/@?api=1&map_action=pano&viewpoint=33.861124,-84.096695","https://www.google.com/maps/search/?api=1&query=33.861124,-84.096695"
2536,Five Forks Trickum Road at Lake Lucerne,UNINCORPORATED,Gwinnett County DOT,County ROW,easiest,FIVE FORKS TRICKUM RD,,45.0,25,17.0,True,1,22.2,33.856584,-84.101931,"https://www.google.com/maps/@?api=1&map_action=pano&viewpoint=33.856584,-84.101931","https://www.google.com/maps/search/?api=1&query=33.856584,-84.101931"
2530,Killian Hill Road at Living Way Vietname,UNINCORPORATED,Gwinnett County DOT,County ROW,easiest,KILLIAN HILL RD,,45.0,25,17.0,True,5,22.2,33.877395,-84.110271,"https://www.google.com/maps/@?api=1&map_action=pano&viewpoint=33.877395,-84.110271","https://www.google.com/maps/search/?api=1&query=33.877395,-84.110271"
2527,Killian Hill Road at Nantucket Road,LILBURN,Gwinnett County DOT,County ROW,easiest,KILLIAN HILL RD,,45.0,25,17.0,True,4,22.2,33.886254,-84.121468,"https://www.google.com/maps/@?api=1&map_action=pano&viewpoint=33.886254,-84.121468","https://www.google.com/maps/search/?api=1&query=33.886254,-84.121468"
2569,Five Forks Trickum Road at Hickory Lane,UNINCORPORATED,Gwinnett County DOT,County ROW,easiest,FIVE FORKS TRICKUM RD,,40.0,25,17.0,True,3,22.2,33.85233,-84.110998,"https://www.google.com/maps/@?api=1&map_action=pano&viewpoint=33.85233,-84.110998","https://www.google.com/maps/search/?api=1&query=33.85233,-84.110998"
2566,Five Forks Trickum Road at Garner Road,UNINCORPORATED,Gwinnett County DOT,County ROW,easiest,FIVE FORKS TRICKUM RD,,40.0,25,17.0,True,4,22.2,33.846876,-84.122693,"https://www.google.com/maps/@?api=1&map_action=pano&viewpoint=33.846876,-84.122693","https://www.google.com/maps/search/?api=1&query=33.846876,-84.122693"
2565,Five Forks Trickum Road at Brown Road,UNINCORPORATED,Gwinnett County DOT,County ROW,easiest,FIVE FORKS TRICKUM RD,,40.0,25,17.0,True,8,22.2,33.843865,-84.128041,"https://www.google.com/maps/@?api=1&map_action=pano&viewpoint=33.843865,-84.128041","https://www.google.com/maps/search/?api=1&query=33.843865,-84.128041"
2568,Five Forks Trickum Road at JB Williams P,UNINCORPORATED,Gwinnett County DOT,County ROW,easiest,FIVE FORKS TRICKUM RD,,40.0,25,17.0,True,5,22.2,33.850422,-84.114302,"https://www.google.com/maps/@?api=1&map_action=pano&viewpoint=33.850422,-84.114302","https://www.google.com/maps/search/?api=1&query=33.850422,-84.114302"
2567,Five Forks Trickum Road at Westchester D,UNINCORPORATED,Gwinnett County DOT,County ROW,easiest,FIVE FORKS TRICKUM RD,,40.0,25,17.0,True,4,22.2,33.848974,-84.116756,"https://www.google.com/maps/@?api=1&map_action=pano&viewpoint=33.848974,-84.116756","https://www.google.com/maps/search/?api=1&query=33.848974,-84.116756"
2533,Killian Hill Road at Five Forks Trickum,UNINCORPORATED,Gwinnett County DOT,County ROW,easiest,KILLIAN HILL RD,,45.0,25,17.0,True,7,22.2,33.868454,-84.094689,"https://www.google.com/maps/@?api=1&map_action=pano&viewpoint=33.868454,-84.094689","https://www.google.com/maps/search/?api=1&query=33.868454,-84.094689"
2532,Killian Hill Road at Kenion Forest Drive,UNINCORPORATED,Gwinnett County DOT,County ROW,easiest,KILLIAN HILL RD,,45.0,25,17.0,True,2,22.2,33.872922,-84.10497,"https://www.google.com/maps/@?api=1&map_action=pano&viewpoint=33.872922,-84.10497","https://www.google.com/maps/search/?api=1&query=33.872922,-84.10497"
2531,Killian Hill Road at Hale Drive,UNINCORPORATED,Gwinnett County DOT,County ROW,easiest,KILLIAN HILL RD,,45.0,25,17.0,True,3,22.2,33.875722,-84.107193,"https://www.google.com/maps/@?api=1&map_action=pano&viewpoint=33.875722,-84.107193","https://www.google.com/maps/search/?api=1&query=33.875722,-84.107193"
2534,Five Forks Trickum Road at Killian Hill,UNINCORPORATED,Gwinnett County DOT,County ROW,easiest,FIVE FORKS TRICKUM RD,,45.0,25,17.0,True,5,22.2,33.867258,-84.094958,"https://www.google.com/maps/@?api=1&map_action=pano&viewpoint=33.867258,-84.094958","https://www.google.com/maps/search/?api=1&query=33.867258,-84.094958"
2524,Killian Hill Road at Church Street,LILBURN,Gwinnett County DOT,County ROW,easiest,KILLIAN HILL RD,,35.0,25,17.0,True,3,22.2,33.893697,-84.135168,"https://www.google.com/maps/@?api=1&map_action=pano&viewpoint=33.893697,-84.135168","https://www.google.com/maps/search/?api=1&query=33.893697,-84.135168"
2520,Killian Hill Road at AT&T,LILBURN,Gwinnett County DOT,County ROW,easiest,KILLIAN HILL RD,,35.0,25,17.0,True,8,22.2,33.895045,-84.138319,"https://www.google.com/maps/@?api=1&map_action=pano&viewpoint=33.895045,-84.138319","https://www.google.com/maps/search/?api=1&query=33.895045,-84.138319"
2528,Killian Hill Road at Arcado Road,LILBURN,Gwinnett County DOT,County ROW,easiest,KILLIAN HILL RD,,45.0,25,17.0,True,9,22.2,33.882669,-84.115756,"https://www.google.com/maps/@?api=1&map_action=pano&viewpoint=33.882669,-84.115756","https://www.google.com/maps/search/?api=1&query=33.882669,-84.115756"
2509,Pleasant Hill Rd & Labrador Way,LILBURN,Gwinnett County DOT,County ROW,easiest,PLEASANT HILL RD,,45.0,25,17.0,True,4,22.2,33.917049,-84.113722,"https://www.google.com/maps/@?api=1&map_action=pano&viewpoint=33.917049,-84.113722","https://www.google.com/maps/search/?api=1&query=33.917049,-84.113722"
2501,Pleasant Hill Rd & Mall Blvd,UNINCORPORATED,Gwinnett County DOT,County ROW,easiest,PLEASANT HILL RD,,40.0,25,17.0,True,6,22.2,33.956154,-84.132852,"https://www.google.com/maps/@?api=1&map_action=pano&viewpoint=33.956154,-84.132852","https://www.google.com/maps/search/?api=1&query=33.956154,-84.132852"
2504,Pleasant Hill Rd & Sweetwater Rd,UNINCORPORATED,Gwinnett County DOT,County ROW,easiest,PLEASANT HILL RD,,45.0,25,17.0,True,7,22.2,33.942865,-84.123715,"https://www.google.com/maps/@?api=1&map_action=pano&viewpoint=33.942865,-84.123715","https://www.google.com/maps/search/?api=1&query=33.942865,-84.123715"
2580,Killian Hill Road at Lilburn Industrial,LILBURN,Gwinnett County DOT,County ROW,easiest,KILLIAN HILL RD,,45.0,25,17.0,True,5,22.2,33.890637,-84.126235,"https://www.google.com/maps/@?api=1&map_action=pano&viewpoint=33.890637,-84.126235","https://www.google.com/maps/search/?api=1&query=33.890637,-84.126235"
2559,Park Place Blvd at Pebblebrook Senior Ce,UNINCORPORATED,Gwinnett County DOT,County ROW,easiest,W PARK PLACE BLVD,,45.0,25,17.0,True,3,22.2,33.817017,-84.117925,"https://www.google.com/maps/@?api=1&map_action=pano&viewpoint=33.817017,-84.117925","https://www.google.com/maps/search/?api=1&query=33.817017,-84.117925"
2561,Rockbridge Road at Mountain Park Place,UNINCORPORATED,Gwinnett County DOT,County ROW,easiest,ROCKBRIDGE RD,,40.0,25,17.0,True,6,22.2,33.824574,-84.120774,"https://www.google.com/maps/@?api=1&map_action=pano&viewpoint=33.824574,-84.120774","https://www.google.com/maps/search/?api=1&query=33.824574,-84.120774"
2562,Rockbridge Road at Huntington Mist Drive,UNINCORPORATED,Gwinnett County DOT,County ROW,easiest,ROCKBRIDGE RD,,40.0,25,17.0,True,6,22.2,33.827139,-84.125159,"https://www.google.com/maps/@?api=1&map_action=pano&viewpoint=33.827139,-84.125159","https://www.google.com/maps/search/?api=1&query=33.827139,-84.125159"
2563,Rockbridge Road at Village View Lane,UNINCORPORATED,Gwinnett County DOT,County ROW,easiest,ROCKBRIDGE RD,,40.0,25,17.0,True,7,22.2,33.834307,-84.129168,"https://www.google.com/maps/@?api=1&map_action=pano&viewpoint=33.834307,-84.129168","https://www.google.com/maps/search/?api=1&query=33.834307,-84.129168"
2564,Five Forks Trickum Road at Rockbridge Ro,UNINCORPORATED,Gwinnett County DOT,County ROW,easiest,FIVE FORKS TRICKUM RD,,40.0,25,17.0,True,3,22.2,33.840836,-84.130616,"https://www.google.com/maps/@?api=1&map_action=pano&viewpoint=33.840836,-84.130616","https://www.google.com/maps/search/?api=1&query=33.840836,-84.130616"
2507,Pleasant Hill Rd & Arc Way,UNINCORPORATED,Gwinnett County DOT,County ROW,easiest,PLEASANT HILL RD,,45.0,25,17.0,True,4,22.2,33.932102,-84.120279,"https://www.google.com/maps/@?api=1&map_action=pano&viewpoint=33.932102,-84.120279","https://www.google.com/maps/search/?api=1&query=33.932102,-84.120279"
2508,Pleasant Hill Rd & Cruise Rd,UNINCORPORATED,Gwinnett County DOT,County ROW,easiest,PLEASANT HILL RD,,45.0,25,17.0,True,4,22.2,33.925279,-84.114398,"https://www.google.com/maps/@?api=1&map_action=pano&viewpoint=33.925279,-84.114398","https://www.google.com/maps/search/?api=1&query=33.925279,-84.114398"
2506,Pleasant Hill Rd & Corley Pl,UNINCORPORATED,Gwinnett County DOT,County ROW,easiest,PLEASANT HILL RD,,45.0,25,17.0,True,6,22.2,33.936358,-84.120827,"https://www.google.com/maps/@?api=1&map_action=pano&viewpoint=33.936358,-84.120827","https://www.google.com/maps/search/?api=1&query=33.936358,-84.120827"
2505,Pleasant Hill Rd & Club Dr,UNINCORPORATED,Gwinnett County DOT,County ROW,easiest,PLEASANT HILL RD,,45.0,25,17.0,True,3,22.2,33.940831,-84.122389,"https://www.google.com/maps/@?api=1&map_action=pano&viewpoint=33.940831,-84.122389","https://www.google.com/maps/search/?api=1&query=33.940831,-84.122389"
2502,Pleasant Hill Rd & Shackleford Rd,UNINCORPORATED,Gwinnett County DOT,County ROW,easiest,PLEASANT HILL RD,,45.0,25,17.0,True,3,22.2,33.949179,-84.128071,"https://www.google.com/maps/@?api=1&map_action=pano&viewpoint=33.949179,-84.128071","https://www.google.com/maps/search/?api=1&query=33.949179,-84.128071"
2557,Park Place Blvd at Villa Park Circle,UNINCORPORATED,Gwinnett County DOT,County ROW,easiest,W PARK PLACE BLVD,,45.0,25,17.0,True,2,22.2,33.816309,-84.108082,"https://www.google.com/maps/@?api=1&map_action=pano&viewpoint=33.816309,-84.108082","https://www.google.com/maps/search/?api=1&query=33.816309,-84.108082"
2544,Rockbridge Road at Popular Drive,UNINCORPORATED,Gwinnett County DOT,County ROW,easiest,ROCKBRIDGE RD,,40.0,25,17.0,True,4,22.2,33.83656,-84.129234,"https://www.google.com/maps/@?api=1&map_action=pano&viewpoint=33.83656,-84.129234","https://www.google.com/maps/search/?api=1&query=33.83656,-84.129234"
2543,Rockbridge Road at Five Forks Trickum Ro,UNINCORPORATED,Gwinnett County DOT,County ROW,easiest,ROCKBRIDGE RD,,40.0,25,17.0,True,4,22.2,33.839024,-84.130609,"https://www.google.com/maps/@?api=1&map_action=pano&viewpoint=33.839024,-84.130609","https://www.google.com/maps/search/?api=1&query=33.839024,-84.130609"
2547,Rockbridge Road at Walmart,UNINCORPORATED,Gwinnett County DOT,County ROW,easiest,ROCKBRIDGE RD,,40.0,25,17.0,True,7,22.2,33.825407,-84.123214,"https://www.google.com/maps/@?api=1&map_action=pano&viewpoint=33.825407,-84.123214","https://www.google.com/maps/search/?api=1&query=33.825407,-84.123214"
2554,E Park Place & Mountain East Plaza,UNINCORPORATED,Gwinnett County DOT,County ROW,easiest,E PARK PLACE BLVD,,45.0,25,17.0,True,6,22.2,33.825287,-84.113018,"https://www.google.com/maps/@?api=1&map_action=pano&viewpoint=33.825287,-84.113018","https://www.google.com/maps/search/?api=1&query=33.825287,-84.113018"
2545,Rockbridge Road at Brownlee Road,UNINCORPORATED,Gwinnett County DOT,County ROW,easiest,ROCKBRIDGE RD,,40.0,25,17.0,True,3,22.2,33.831556,-84.128981,"https://www.google.com/maps/@?api=1&map_action=pano&viewpoint=33.831556,-84.128981","https://www.google.com/maps/search/?api=1&query=33.831556,-84.128981"
2546,Rockbridge Road at Lucelle Avenue,UNINCORPORATED,Gwinnett County DOT,County ROW,easiest,ROCKBRIDGE RD,,40.0,25,17.0,True,3,22.2,33.82907,-84.127664,"https://www.google.com/maps/@?api=1&map_action=pano&viewpoint=33.82907,-84.127664","https://www.google.com/maps/search/?api=1&query=33.82907,-84.127664"
2555,Rockbridge Road at Sharp Trails,UNINCORPORATED,Gwinnett County DOT,County ROW,easiest,ROCKBRIDGE RD,,40.0,25,17.0,True,3,22.2,33.820457,-84.111629,"https://www.google.com/maps/@?api=1&map_action=pano&viewpoint=33.820457,-84.111629","https://www.google.com/maps/search/?api=1&query=33.820457,-84.111629"
2556,Rockbridge Road at The Villas,UNINCORPORATED,Gwinnett County DOT,County ROW,easiest,ROCKBRIDGE RD,,40.0,25,17.0,True,5,22.2,33.818634,-84.108764,"https://www.google.com/maps/@?api=1&map_action=pano&viewpoint=33.818634,-84.108764","https://www.google.com/maps/search/?api=1&query=33.818634,-84.108764"
2525,Killian Hill Road at Sandra Drive,LILBURN,Gwinnett County DOT,County ROW,easiest,KILLIAN HILL RD,,35.0,25,17.0,True,7,22.2,33.893405,-84.130746,"https://www.google.com/maps/@?api=1&map_action=pano&viewpoint=33.893405,-84.130746","https://www.google.com/maps/search/?api=1&query=33.893405,-84.130746"
2529,Killian Hill Road at Bryant Drive,UNINCORPORATED,Gwinnett County DOT,County ROW,easiest,KILLIAN HILL RD,,45.0,25,17.0,True,3,22.2,33.880292,-84.113316,"https://www.google.com/maps/@?api=1&map_action=pano&viewpoint=33.880292,-84.113316","https://www.google.com/maps/search/?api=1&query=33.880292,-84.113316"
2574,Killian Hill Road at Five Forks Trickum,UNINCORPORATED,Gwinnett County DOT,County ROW,easiest,KILLIAN HILL RD,,45.0,25,17.0,False,7,0.0,33.868586,-84.094507,"https://www.google.com/maps/@?api=1&map_action=pano&viewpoint=33.868586,-84.094507","https://www.google.com/maps/search/?api=1&query=33.868586,-84.094507"
2577,Killian Hill Road at Bryant Drive,UNINCORPORATED,Gwinnett County DOT,County ROW,easiest,KILLIAN HILL RD,,45.0,25,17.0,False,2,0.0,33.880869,-84.113661,"https://www.google.com/maps/@?api=1&map_action=pano&viewpoint=33.880869,-84.113661","https://www.google.com/maps/search/?api=1&query=33.880869,-84.113661"
2535,Five Forks Trickum Road at Mandalay Driv,UNINCORPORATED,Gwinnett County DOT,County ROW,easiest,FIVE FORKS TRICKUM RD,,45.0,25,17.0,False,2,0.0,33.860899,-84.096802,"https://www.google.com/maps/@?api=1&map_action=pano&viewpoint=33.860899,-84.096802","https://www.google.com/maps/search/?api=1&query=33.860899,-84.096802"
2558,Park Place Blvd at Centre Park Court (Am,UNINCORPORATED,Gwinnett County DOT,County ROW,easiest,W PARK PLACE BLVD,,45.0,25,17.0,False,1,0.0,33.815391,-84.11537,"https://www.google.com/maps/@?api=1&map_action=pano&viewpoint=33.815391,-84.11537","https://www.google.com/maps/search/?api=1&query=33.815391,-84.11537"
2560,Park Place Blvd at Bermuda Road,UNINCORPORATED,Gwinnett County DOT,County ROW,easiest,W PARK PLACE BLVD,,45.0,25,17.0,False,1,0.0,33.820448,-84.120722,"https://www.google.com/maps/@?api=1&map_action=pano&viewpoint=33.820448,-84.120722","https://www.google.com/maps/search/?api=1&query=33.820448,-84.120722"
2526,Killian Hill Road at Lilburn Industrial,LILBURN,Gwinnett County DOT,County ROW,easiest,KILLIAN HILL RD,,45.0,25,17.0,False,5,0.0,33.889782,-84.125354,"https://www.google.com/maps/@?api=1&map_action=pano&viewpoint=33.889782,-84.125354","https://www.google.com/maps/search/?api=1&query=33.889782,-84.125354"
1053,Buford Hwy at Global Forum OB,PEACHTREE CORNERS,GDOT (state route),GDOT encroachment permit,hard,BUFORD HWY,13.0,45.0,"10A,10B,20,35",103.0,True,2,44.8,33.919255,-84.257174,"https://www.google.com/maps/@?api=1&map_action=pano&viewpoint=33.919255,-84.257174","https://www.google.com/maps/search/?api=1&query=33.919255,-84.257174"
1051,Buford Hwy & East Lake Dr (across) OB,PEACHTREE CORNERS,GDOT (state route),GDOT encroachment permit,hard,BUFORD HWY,13.0,45.0,"10A,10B,20,35",103.0,True,5,44.8,33.922979,-84.252418,"https://www.google.com/maps/@?api=1&map_action=pano&viewpoint=33.922979,-84.252418","https://www.google.com/maps/search/?api=1&query=33.922979,-84.252418"
1050,Buford Hwy & Amwiler OB,PEACHTREE CORNERS,GDOT (state route),GDOT encroachment permit,hard,BUFORD HWY,13.0,45.0,"10A,10B,20,35",103.0,True,7,44.8,33.923944,-84.25099,"https://www.google.com/maps/@?api=1&map_action=pano&viewpoint=33.923944,-84.25099","https://www.google.com/maps/search/?api=1&query=33.923944,-84.25099"
1052,Buford Hwy & Steve Dr OB,PEACHTREE CORNERS,GDOT (state route),GDOT encroachment permit,hard,BUFORD HWY,13.0,45.0,"10A,10B,20,35",103.0,True,4,44.8,33.920742,-84.255511,"https://www.google.com/maps/@?api=1&map_action=pano&viewpoint=33.920742,-84.255511","https://www.google.com/maps/search/?api=1&query=33.920742,-84.255511"
1049,Buford Hwy & Jones Mills Rd,PEACHTREE CORNERS,GDOT (state route),GDOT encroachment permit,hard,BUFORD HWY,13.0,45.0,"10A,10B,20,35",103.0,True,3,44.8,33.925893,-84.247838,"https://www.google.com/maps/@?api=1&map_action=pano&viewpoint=33.925893,-84.247838","https://www.google.com/maps/search/?api=1&query=33.925893,-84.247838"
1054,Buford Hwy & High Tech Transmission OB,PEACHTREE CORNERS,GDOT (state route),GDOT encroachment permit,hard,BUFORD HWY,13.0,45.0,"10A,10B,20,35",103.0,False,3,0.0,33.917962,-84.258412,"https://www.google.com/maps/@?api=1&map_action=pano&viewpoint=33.917962,-84.258412","https://www.google.com/maps/search/?api=1&query=33.917962,-84.258412"
1073,Buford Hwy at Pleasantdale Rd IB,UNINCORPORATED,GDOT (state route),GDOT encroachment permit,hard,BUFORD HWY,13.0,45.0,"10A,10B,20,35",99.0,True,5,43.0,33.924555,-84.249667,"https://www.google.com/maps/@?api=1&map_action=pano&viewpoint=33.924555,-84.249667","https://www.google.com/maps/search/?api=1&query=33.924555,-84.249667"
1074,Buford Hwy & Button Gwinnett Dr IB,UNINCORPORATED,GDOT (state route),GDOT encroachment permit,hard,BUFORD HWY,13.0,45.0,"10A,10B,20,35",99.0,True,5,43.0,33.925875,-84.247394,"https://www.google.com/maps/@?api=1&map_action=pano&viewpoint=33.925875,-84.247394","https://www.google.com/maps/search/?api=1&query=33.925875,-84.247394"
1072,Buford Hwy at Green Auto Body IB,UNINCORPORATED,GDOT (state route),GDOT encroachment permit,hard,BUFORD HWY,13.0,45.0,"10A,10B,20,35",99.0,True,3,43.0,33.923282,-84.251526,"https://www.google.com/maps/@?api=1&map_action=pano&viewpoint=33.923282,-84.251526","https://www.google.com/maps/search/?api=1&query=33.923282,-84.251526"
1071,Buford Hwy at Lake Dr IB,UNINCORPORATED,GDOT (state route),GDOT encroachment permit,hard,BUFORD HWY,13.0,45.0,"10A,10B,20,35",99.0,True,3,43.0,33.922405,-84.252859,"https://www.google.com/maps/@?api=1&map_action=pano&viewpoint=33.922405,-84.252859","https://www.google.com/maps/search/?api=1&query=33.922405,-84.252859"
1069,Buford Hwy at Global Forum IB,UNINCORPORATED,GDOT (state route),GDOT encroachment permit,hard,BUFORD HWY,13.0,45.0,"10A,10B,20,35",99.0,True,3,43.0,33.919177,-84.256901,"https://www.google.com/maps/@?api=1&map_action=pano&viewpoint=33.919177,-84.256901","https://www.google.com/maps/search/?api=1&query=33.919177,-84.256901"
1070,Buford Hwy at Steve Dr (Accu-Car Expo),UNINCORPORATED,GDOT (state route),GDOT encroachment permit,hard,BUFORD HWY,13.0,45.0,"10A,10B,20,35",99.0,True,4,43.0,33.920553,-84.255383,"https://www.google.com/maps/@?api=1&map_action=pano&viewpoint=33.920553,-84.255383","https://www.google.com/maps/search/?api=1&query=33.920553,-84.255383"
1089,Buford Hwy & Summerour St IB,NORCROSS,GDOT (state route),GDOT encroachment permit,hard,BUFORD HWY,13.0,45.0,"10A,10B,20",70.0,True,4,30.4,33.9426,-84.20651,"https://www.google.com/maps/@?api=1&map_action=pano&viewpoint=33.9426,-84.20651","https://www.google.com/maps/search/?api=1&query=33.9426,-84.20651"
1088,Buford Hwy & Mitchell Rd (NAPA) IB,NORCROSS,GDOT (state route),GDOT encroachment permit,hard,BUFORD HWY,13.0,45.0,"10A,10B,20",70.0,True,4,30.4,33.941476,-84.207948,"https://www.google.com/maps/@?api=1&map_action=pano&viewpoint=33.941476,-84.207948","https://www.google.com/maps/search/?api=1&query=33.941476,-84.207948"
2523,Lawrenceville Hwy & Indian Trail-Lilburn,LILBURN,GDOT (state route),GDOT encroachment permit,hard,LAWRENCEVILLE HWY,8.0,45.0,"25,30",61.0,True,7,26.5,33.89485,-84.1403,"https://www.google.com/maps/@?api=1&map_action=pano&viewpoint=33.89485,-84.1403","https://www.google.com/maps/search/?api=1&query=33.89485,-84.1403"
3500,Peachtree Pkwy @ The Forum,PEACHTREE CORNERS,GDOT (state route),GDOT encroachment permit,hard,PEACHTREE PKWY,141.0,55.0,35,60.0,True,8,26.1,33.976678,-84.218486,"https://www.google.com/maps/@?api=1&map_action=pano&viewpoint=33.976678,-84.218486","https://www.google.com/maps/search/?api=1&query=33.976678,-84.218486"
4016,Sugarloaf Mills Cir & Bass Pro Shop,UNINCORPORATED,Private,Private property owner,hard,SUGARLOAF MILLS CIR,,25.0,40,56.0,True,2,0.0,33.982422,-84.084488,"https://www.google.com/maps/@?api=1&map_action=pano&viewpoint=33.982422,-84.084488","https://www.google.com/maps/search/?api=1&query=33.982422,-84.084488"
4017,Sugarloaf Mills Cir & Entry 2,UNINCORPORATED,Private,Private property owner,hard,SUGARLOAF MILLS CIR,,25.0,40,56.0,True,4,0.0,33.983322,-84.0812,"https://www.google.com/maps/@?api=1&map_action=pano&viewpoint=33.983322,-84.0812","https://www.google.com/maps/search/?api=1&query=33.983322,-84.0812"
1090,Buford Hwy & Beaver Ruin Rd IB,NORCROSS,GDOT (state route),GDOT encroachment permit,hard,BEAVER RUIN RD,378.0,35.0,"10A,20",52.0,True,7,22.6,33.943953,-84.203042,"https://www.google.com/maps/@?api=1&map_action=pano&viewpoint=33.943953,-84.203042","https://www.google.com/maps/search/?api=1&query=33.943953,-84.203042"
2514,Lawrenceville Hwy & Popeyes OB,LILBURN,GDOT (state route),GDOT encroachment permit,hard,LAWRENCEVILLE HWY,8.0,45.0,"25,30",45.0,True,8,19.6,33.903718,-84.118255,"https://www.google.com/maps/@?api=1&map_action=pano&viewpoint=33.903718,-84.118255","https://www.google.com/maps/search/?api=1&query=33.903718,-84.118255"
2513,Lawrenceville Hwy & Don Pedro,LILBURN,GDOT (state route),GDOT encroachment permit,hard,LAWRENCEVILLE HWY,8.0,45.0,"25,30",45.0,True,9,19.6,33.904025,-84.115882,"https://www.google.com/maps/@?api=1&map_action=pano&viewpoint=33.904025,-84.115882","https://www.google.com/maps/search/?api=1&query=33.904025,-84.115882"
2516,Lawrenceville Hwy & Berkmar Middle Sch O,LILBURN,GDOT (state route),GDOT encroachment permit,hard,LAWRENCEVILLE HWY,8.0,45.0,"25,30",45.0,True,2,19.6,33.901201,-84.12627,"https://www.google.com/maps/@?api=1&map_action=pano&viewpoint=33.901201,-84.12627","https://www.google.com/maps/search/?api=1&query=33.901201,-84.12627"
2512,Lawrenceville Hwy & Pep Boys,LILBURN,GDOT (state route),GDOT encroachment permit,hard,LAWRENCEVILLE HWY,8.0,45.0,"25,30",45.0,True,8,19.6,33.904989,-84.112637,"https://www.google.com/maps/@?api=1&map_action=pano&viewpoint=33.904989,-84.112637","https://www.google.com/maps/search/?api=1&query=33.904989,-84.112637"
2515,Lawrenceville Hwy & Beaver Ruin Rd OB,LILBURN,GDOT (state route),GDOT encroachment permit,hard,LAWRENCEVILLE HWY,8.0,45.0,"25,30",45.0,True,4,19.6,33.903029,-84.122303,"https://www.google.com/maps/@?api=1&map_action=pano&viewpoint=33.903029,-84.122303","https://www.google.com/maps/search/?api=1&query=33.903029,-84.122303"
2519,Lawrenceville Hwy & Wynne Russell Dr,LILBURN,GDOT (state route),GDOT encroachment permit,hard,LAWRENCEVILLE HWY,8.0,45.0,"25,30",45.0,True,6,19.6,33.898303,-84.137732,"https://www.google.com/maps/@?api=1&map_action=pano&viewpoint=33.898303,-84.137732","https://www.google.com/maps/search/?api=1&query=33.898303,-84.137732"
2518,Lawrenceville Hwy & Providence,LILBURN,GDOT (state route),GDOT encroachment permit,hard,LAWRENCEVILLE HWY,8.0,45.0,"25,30",45.0,True,3,19.6,33.899788,-84.133518,"https://www.google.com/maps/@?api=1&map_action=pano&viewpoint=33.899788,-84.133518","https://www.google.com/maps/search/?api=1&query=33.899788,-84.133518"
2517,Lawrenceville Hwy & Merchants Walk OB,LILBURN,GDOT (state route),GDOT encroachment permit,hard,LAWRENCEVILLE HWY,8.0,45.0,"25,30",45.0,True,4,19.6,33.900285,-84.130878,"https://www.google.com/maps/@?api=1&map_action=pano&viewpoint=33.900285,-84.130878","https://www.google.com/maps/search/?api=1&query=33.900285,-84.130878"
2582,Lawrenceville Hwy & BBT Bank IB,LILBURN,GDOT (state route),GDOT encroachment permit,hard,LAWRENCEVILLE HWY,8.0,45.0,"25,30",44.0,True,5,19.1,33.897681,-84.138138,"https://www.google.com/maps/@?api=1&map_action=pano&viewpoint=33.897681,-84.138138","https://www.google.com/maps/search/?api=1&query=33.897681,-84.138138"
2585,Lawrenceville Hwy & Arcado Rd IB,LILBURN,GDOT (state route),GDOT encroachment permit,hard,LAWRENCEVILLE HWY,8.0,45.0,"25,30",44.0,True,7,19.1,33.902654,-84.122321,"https://www.google.com/maps/@?api=1&map_action=pano&viewpoint=33.902654,-84.122321","https://www.google.com/maps/search/?api=1&query=33.902654,-84.122321"
2586,Lawrenceville Hwy & Pizza Hut IB,LILBURN,GDOT (state route),GDOT encroachment permit,hard,LAWRENCEVILLE HWY,8.0,45.0,"25,30",44.0,True,8,19.1,33.903503,-84.117996,"https://www.google.com/maps/@?api=1&map_action=pano&viewpoint=33.903503,-84.117996","https://www.google.com/maps/search/?api=1&query=33.903503,-84.117996"
2587,Lawrenceville Hwy & PNC Bank (WalMart),LILBURN,GDOT (state route),GDOT encroachment permit,hard,LAWRENCEVILLE HWY,8.0,45.0,"25,30",44.0,True,6,19.1,33.904256,-84.113214,"https://www.google.com/maps/@?api=1&map_action=pano&viewpoint=33.904256,-84.113214","https://www.google.com/maps/search/?api=1&query=33.904256,-84.113214"
2583,L'ville Hwy & Car Care Service Center IB,LILBURN,GDOT (state route),GDOT encroachment permit,hard,LAWRENCEVILLE HWY,8.0,45.0,"25,30",44.0,True,4,19.1,33.899985,-84.130975,"https://www.google.com/maps/@?api=1&map_action=pano&viewpoint=33.899985,-84.130975","https://www.google.com/maps/search/?api=1&query=33.899985,-84.130975"
2584,Lawrenceville Hwy & US Postal,LILBURN,GDOT (state route),GDOT encroachment permit,hard,LAWRENCEVILLE HWY,8.0,45.0,"25,30",44.0,True,6,19.1,33.900697,-84.127302,"https://www.google.com/maps/@?api=1&map_action=pano&viewpoint=33.900697,-84.127302","https://www.google.com/maps/search/?api=1&query=33.900697,-84.127302"
1038,Buford Hwy & Mitchell Rd (Advance Auto),NORCROSS,GDOT (state route),GDOT encroachment permit,hard,BUFORD HWY,13.0,45.0,"10A,10B",43.0,True,7,18.7,33.940975,-84.208991,"https://www.google.com/maps/@?api=1&map_action=pano&viewpoint=33.940975,-84.208991","https://www.google.com/maps/search/?api=1&query=33.940975,-84.208991"
1039,Buford Hwy & Carlyle St OB,NORCROSS,GDOT (state route),GDOT encroachment permit,hard,BUFORD HWY,13.0,45.0,"10A,10B",43.0,True,6,18.7,33.938571,-84.211959,"https://www.google.com/maps/@?api=1&map_action=pano&viewpoint=33.938571,-84.211959","https://www.google.com/maps/search/?api=1&query=33.938571,-84.211959"
1036,Buford Hwy & Beaver Ruin Rd OB,NORCROSS,GDOT (state route),GDOT encroachment permit,hard,BUFORD HWY,13.0,45.0,"10A,10B",43.0,True,7,18.7,33.944569,-84.204422,"https://www.google.com/maps/@?api=1&map_action=pano&viewpoint=33.944569,-84.204422","https://www.google.com/maps/search/?api=1&query=33.944569,-84.204422"
1037,Buford Hwy & Post Office OB,NORCROSS,GDOT (state route),GDOT encroachment permit,hard,BUFORD HWY,13.0,45.0,"10A,10B",43.0,True,6,18.7,33.94232,-84.207249,"https://www.google.com/maps/@?api=1&map_action=pano&viewpoint=33.94232,-84.207249","https://www.google.com/maps/search/?api=1&query=33.94232,-84.207249"
1041,Buford Hwy & Value Pawn OB,NORCROSS,GDOT (state route),GDOT encroachment permit,hard,BUFORD HWY,13.0,45.0,"10A,10B",43.0,True,12,18.7,33.933003,-84.219842,"https://www.google.com/maps/@?api=1&map_action=pano&viewpoint=33.933003,-84.219842","https://www.google.com/maps/search/?api=1&query=33.933003,-84.219842"
1040,Buford Hwy & N Norcross Tucker Rd OB,NORCROSS,GDOT (state route),GDOT encroachment permit,hard,BUFORD HWY,13.0,45.0,"10A,10B",43.0,True,7,18.7,33.935272,-84.215707,"https://www.google.com/maps/@?api=1&map_action=pano&viewpoint=33.935272,-84.215707","https://www.google.com/maps/search/?api=1&query=33.935272,-84.215707"
1043,Buford Hwy & Trans Cargo,PEACHTREE CORNERS,GDOT (state route),GDOT encroachment permit,hard,BUFORD HWY,13.0,45.0,"10A,10B",43.0,True,6,18.7,33.930641,-84.229836,"https://www.google.com/maps/@?api=1&map_action=pano&viewpoint=33.930641,-84.229836","https://www.google.com/maps/search/?api=1&query=33.930641,-84.229836"
1042,Buford Hwy & S. Peachtree St  OB,PEACHTREE CORNERS,GDOT (state route),GDOT encroachment permit,hard,BUFORD HWY,13.0,45.0,"10A,10B",43.0,True,12,18.7,33.931556,-84.225794,"https://www.google.com/maps/@?api=1&map_action=pano&viewpoint=33.931556,-84.225794","https://www.google.com/maps/search/?api=1&query=33.931556,-84.225794"
1046,Buford Hwy & Hillside Dr,PEACHTREE CORNERS,GDOT (state route),GDOT encroachment permit,hard,BUFORD HWY,13.0,45.0,"10A,10B",43.0,True,3,18.7,33.929035,-84.236715,"https://www.google.com/maps/@?api=1&map_action=pano&viewpoint=33.929035,-84.236715","https://www.google.com/maps/search/?api=1&query=33.929035,-84.236715"
1044,Buford Hwy & CarZ (across) OB,PEACHTREE CORNERS,GDOT (state route),GDOT encroachment permit,hard,BUFORD HWY,13.0,45.0,"10A,10B",43.0,True,5,18.7,33.930043,-84.232247,"https://www.google.com/maps/@?api=1&map_action=pano&viewpoint=33.930043,-84.232247","https://www.google.com/maps/search/?api=1&query=33.930043,-84.232247"
1047,Buford Hwy & Cornerstone Auto (across) O,PEACHTREE CORNERS,GDOT (state route),GDOT encroachment permit,hard,BUFORD HWY,13.0,45.0,"10A,10B",43.0,True,5,18.7,33.928499,-84.238912,"https://www.google.com/maps/@?api=1&map_action=pano&viewpoint=33.928499,-84.238912","https://www.google.com/maps/search/?api=1&query=33.928499,-84.238912"
1045,Buford Hwy & Pine St OB,PEACHTREE CORNERS,GDOT (state route),GDOT encroachment permit,hard,BUFORD HWY,13.0,45.0,"10A,10B",43.0,True,5,18.7,33.929578,-84.234345,"https://www.google.com/maps/@?api=1&map_action=pano&viewpoint=33.929578,-84.234345","https://www.google.com/maps/search/?api=1&query=33.929578,-84.234345"
1048,Buford Hwy & Susan Ln OB,PEACHTREE CORNERS,GDOT (state route),GDOT encroachment permit,hard,BUFORD HWY,13.0,45.0,"10A,10B",43.0,True,4,18.7,33.927701,-84.242341,"https://www.google.com/maps/@?api=1&map_action=pano&viewpoint=33.927701,-84.242341","https://www.google.com/maps/search/?api=1&query=33.927701,-84.242341"
1001,Duluth Hwy  & Primerica Pkwy OB,UNINCORPORATED,GDOT (state route),GDOT encroachment permit,hard,DULUTH HWY,120.0,45.0,"10A,10B",42.0,True,4,18.3,33.977993,-84.095736,"https://www.google.com/maps/@?api=1&map_action=pano&viewpoint=33.977993,-84.095736","https://www.google.com/maps/search/?api=1&query=33.977993,-84.095736"
1079,Buford Hwy at Car Z Atlanta IB,UNINCORPORATED,GDOT (state route),GDOT encroachment permit,hard,BUFORD HWY,13.0,45.0,"10A,10B",42.0,True,6,18.3,33.929792,-84.232476,"https://www.google.com/maps/@?api=1&map_action=pano&viewpoint=33.929792,-84.232476","https://www.google.com/maps/search/?api=1&query=33.929792,-84.232476"
1082,Buford Hwy at Huntington Rd Apts IB,UNINCORPORATED,GDOT (state route),GDOT encroachment permit,hard,BUFORD HWY,13.0,45.0,"10A,10B",42.0,True,11,18.3,33.931777,-84.224021,"https://www.google.com/maps/@?api=1&map_action=pano&viewpoint=33.931777,-84.224021","https://www.google.com/maps/search/?api=1&query=33.931777,-84.224021"
1076,Buford Hwy at Oak Rd IB,UNINCORPORATED,GDOT (state route),GDOT encroachment permit,hard,BUFORD HWY,13.0,45.0,"10A,10B",42.0,True,5,18.3,33.928394,-84.238496,"https://www.google.com/maps/@?api=1&map_action=pano&viewpoint=33.928394,-84.238496","https://www.google.com/maps/search/?api=1&query=33.928394,-84.238496"
1078,Buford Hwy & Pine St IB,UNINCORPORATED,GDOT (state route),GDOT encroachment permit,hard,BUFORD HWY,13.0,45.0,"10A,10B",42.0,True,7,18.3,33.929351,-84.234414,"https://www.google.com/maps/@?api=1&map_action=pano&viewpoint=33.929351,-84.234414","https://www.google.com/maps/search/?api=1&query=33.929351,-84.234414"
1077,Buford Hwy at Hillside Dr IB,UNINCORPORATED,GDOT (state route),GDOT encroachment permit,hard,BUFORD HWY,13.0,45.0,"10A,10B",42.0,True,5,18.3,33.928888,-84.236424,"https://www.google.com/maps/@?api=1&map_action=pano&viewpoint=33.928888,-84.236424","https://www.google.com/maps/search/?api=1&query=33.928888,-84.236424"
1075,Buford Hwy & Susan Ln,UNINCORPORATED,GDOT (state route),GDOT encroachment permit,hard,BUFORD HWY,13.0,45.0,"10A,10B",42.0,True,5,18.3,33.927436,-84.242584,"https://www.google.com/maps/@?api=1&map_action=pano&viewpoint=33.927436,-84.242584","https://www.google.com/maps/search/?api=1&query=33.927436,-84.242584"
1087,Buford Hwy & Centro Norcross Plaza IB,NORCROSS,GDOT (state route),GDOT encroachment permit,hard,BUFORD HWY,13.0,45.0,"10A,10B",42.0,True,4,18.3,33.940124,-84.209622,"https://www.google.com/maps/@?api=1&map_action=pano&viewpoint=33.940124,-84.209622","https://www.google.com/maps/search/?api=1&query=33.940124,-84.209622"
1085,Buford Hwy at Lively Ave IB,NORCROSS,GDOT (state route),GDOT encroachment permit,hard,BUFORD HWY,13.0,45.0,"10A,10B",42.0,True,5,18.3,33.936159,-84.214272,"https://www.google.com/maps/@?api=1&map_action=pano&viewpoint=33.936159,-84.214272","https://www.google.com/maps/search/?api=1&query=33.936159,-84.214272"
1084,Buford Hwy & N Norcross Tucker Rd,NORCROSS,GDOT (state route),GDOT encroachment permit,hard,BUFORD HWY,13.0,45.0,"10A,10B",42.0,True,5,18.3,33.934894,-84.215772,"https://www.google.com/maps/@?api=1&map_action=pano&viewpoint=33.934894,-84.215772","https://www.google.com/maps/search/?api=1&query=33.934894,-84.215772"
1086,Buford Hwy & S Cemetery St IB,NORCROSS,GDOT (state route),GDOT encroachment permit,hard,BUFORD HWY,13.0,45.0,"10A,10B",42.0,True,7,18.3,33.938828,-84.211318,"https://www.google.com/maps/@?api=1&map_action=pano&viewpoint=33.938828,-84.211318","https://www.google.com/maps/search/?api=1&query=33.938828,-84.211318"
1081,Buford Hwy & S Peachtree St IB,UNINCORPORATED,GDOT (state route),GDOT encroachment permit,hard,BUFORD HWY,13.0,45.0,"10A,10B",42.0,True,3,18.3,33.931147,-84.226642,"https://www.google.com/maps/@?api=1&map_action=pano&viewpoint=33.931147,-84.226642","https://www.google.com/maps/search/?api=1&query=33.931147,-84.226642"
1080,Buford Hwy & Gwinn Dr IB,UNINCORPORATED,GDOT (state route),GDOT encroachment permit,hard,BUFORD HWY,13.0,45.0,"10A,10B",42.0,True,5,18.3,33.930425,-84.229966,"https://www.google.com/maps/@?api=1&map_action=pano&viewpoint=33.930425,-84.229966","https://www.google.com/maps/search/?api=1&query=33.930425,-84.229966"
1083,Buford Hwy at Jimmy Carter IB,NORCROSS,GDOT (state route),GDOT encroachment permit,hard,BUFORD HWY,13.0,45.0,"10A,10B",42.0,True,8,18.3,33.932774,-84.219746,"https://www.google.com/maps/@?api=1&map_action=pano&viewpoint=33.932774,-84.219746","https://www.google.com/maps/search/?api=1&query=33.932774,-84.219746"
1125,Duluth Hwy & Meadow Brook Pkwy IB,UNINCORPORATED,GDOT (state route),GDOT encroachment permit,hard,DULUTH HWY,120.0,45.0,"10A,10B",39.0,False,7,0.0,33.977835,-84.096909,"https://www.google.com/maps/@?api=1&map_action=pano&viewpoint=33.977835,-84.096909","https://www.google.com/maps/search/?api=1&query=33.977835,-84.096909"
7000,US 78 & Wisteria Dr,SNELLVILLE,GDOT (state route),GDOT encroachment permit,hard,E MAIN ST,10.0,35.0,70,37.0,False,4,0.0,33.855787,-84.012009,"https://www.google.com/maps/@?api=1&map_action=pano&viewpoint=33.855787,-84.012009","https://www.google.com/maps/search/?api=1&query=33.855787,-84.012009"
5004,The Exchange at Gwinnett,UNINCORPORATED,Private,Private property owner,hard,EXCHANGE DR,,25.0,50,36.0,True,5,0.0,34.05181,-83.99245,"https://www.google.com/maps/@?api=1&map_action=pano&viewpoint=34.05181,-83.99245","https://www.google.com/maps/search/?api=1&query=34.05181,-83.99245"
3553,Jimmy Carter Blvd & Best Friend Park OB,UNINCORPORATED,GDOT (state route),GDOT encroachment permit,hard,JIMMY CARTER BLVD,140.0,45.0,35,31.0,True,3,13.5,33.928207,-84.220247,"https://www.google.com/maps/@?api=1&map_action=pano&viewpoint=33.928207,-84.220247","https://www.google.com/maps/search/?api=1&query=33.928207,-84.220247"
3524,Holcomb Bridge Rd & Citgo Gas Station,PEACHTREE CORNERS,GDOT (state route),GDOT encroachment permit,hard,HOLCOMB BRIDGE RD,140.0,45.0,35,31.0,True,5,13.5,33.952795,-84.242676,"https://www.google.com/maps/@?api=1&map_action=pano&viewpoint=33.952795,-84.242676","https://www.google.com/maps/search/?api=1&query=33.952795,-84.242676"
3552,Jimmy Carter Blvd & Regency Pkwy OB,UNINCORPORATED,GDOT (state route),GDOT encroachment permit,hard,JIMMY CARTER BLVD,140.0,45.0,35,31.0,True,7,13.5,33.929768,-84.221127,"https://www.google.com/maps/@?api=1&map_action=pano&viewpoint=33.929768,-84.221127","https://www.google.com/maps/search/?api=1&query=33.929768,-84.221127"
3551,Jimmy Carter Blvd & Martins Rest OB,UNINCORPORATED,GDOT (state route),GDOT encroachment permit,hard,JIMMY CARTER BLVD,140.0,45.0,35,31.0,True,8,13.5,33.931439,-84.222072,"https://www.google.com/maps/@?api=1&map_action=pano&viewpoint=33.931439,-84.222072","https://www.google.com/maps/search/?api=1&query=33.931439,-84.222072"
3554,Jimmy Carter Blvd & Quick Trip OB,UNINCORPORATED,GDOT (state route),GDOT encroachment permit,hard,JIMMY CARTER BLVD,140.0,45.0,35,31.0,True,5,13.5,33.924402,-84.215985,"https://www.google.com/maps/@?api=1&map_action=pano&viewpoint=33.924402,-84.215985","https://www.google.com/maps/search/?api=1&query=33.924402,-84.215985"
3555,Jimmy Carter Blvd & Sonic OB,UNINCORPORATED,GDOT (state route),GDOT encroachment permit,hard,JIMMY CARTER BLVD,140.0,45.0,35,31.0,True,5,13.5,33.922777,-84.213688,"https://www.google.com/maps/@?api=1&map_action=pano&viewpoint=33.922777,-84.213688","https://www.google.com/maps/search/?api=1&query=33.922777,-84.213688"
3544,Jimmy Carter Blvd & Cash Ct,PEACHTREE CORNERS,GDOT (state route),GDOT encroachment permit,hard,JIMMY CARTER BLVD,140.0,45.0,35,31.0,True,4,13.5,33.942557,-84.239125,"https://www.google.com/maps/@?api=1&map_action=pano&viewpoint=33.942557,-84.239125","https://www.google.com/maps/search/?api=1&query=33.942557,-84.239125"
3547,Jimmy Carter Blvd & Pacific Drive OB,PEACHTREE CORNERS,GDOT (state route),GDOT encroachment permit,hard,JIMMY CARTER BLVD,140.0,45.0,35,31.0,True,3,13.5,33.9378,-84.235468,"https://www.google.com/maps/@?api=1&map_action=pano&viewpoint=33.9378,-84.235468","https://www.google.com/maps/search/?api=1&query=33.9378,-84.235468"
3549,Jimmy Carter Blvd & Pacific Dr,PEACHTREE CORNERS,GDOT (state route),GDOT encroachment permit,hard,JIMMY CARTER BLVD,140.0,45.0,35,31.0,True,7,13.5,33.935446,-84.227955,"https://www.google.com/maps/@?api=1&map_action=pano&viewpoint=33.935446,-84.227955","https://www.google.com/maps/search/?api=1&query=33.935446,-84.227955"
3546,Jimmy Carter Blvd & Atlantic Blvd,PEACHTREE CORNERS,GDOT (state route),GDOT encroachment permit,hard,JIMMY CARTER BLVD,140.0,45.0,35,31.0,True,5,13.5,33.939537,-84.236703,"https://www.google.com/maps/@?api=1&map_action=pano&viewpoint=33.939537,-84.236703","https://www.google.com/maps/search/?api=1&query=33.939537,-84.236703"
3545,Jimmy Carter Blvd & MJays Baked Foods,PEACHTREE CORNERS,GDOT (state route),GDOT encroachment permit,hard,JIMMY CARTER BLVD,140.0,45.0,35,31.0,True,7,13.5,33.940999,-84.237716,"https://www.google.com/maps/@?api=1&map_action=pano&viewpoint=33.940999,-84.237716","https://www.google.com/maps/search/?api=1&query=33.940999,-84.237716"
3527,Holcomb Bridge Rd & Woodland Rd OB,PEACHTREE CORNERS,GDOT (state route),GDOT encroachment permit,hard,HOLCOMB BRIDGE RD,140.0,45.0,35,31.0,False,2,0.0,33.957268,-84.245162,"https://www.google.com/maps/@?api=1&map_action=pano&viewpoint=33.957268,-84.245162","https://www.google.com/maps/search/?api=1&query=33.957268,-84.245162"
3548,Jimmy Carter Blvd & SPECTRA,PEACHTREE CORNERS,GDOT (state route),GDOT encroachment permit,hard,JIMMY CARTER BLVD,140.0,45.0,35,31.0,False,4,0.0,33.936079,-84.23371,"https://www.google.com/maps/@?api=1&map_action=pano&viewpoint=33.936079,-84.23371","https://www.google.com/maps/search/?api=1&query=33.936079,-84.23371"
3550,Jimmy Carter Blvd & Amway Products Dist,PEACHTREE CORNERS,GDOT (state route),GDOT encroachment permit,hard,JIMMY CARTER BLVD,140.0,45.0,35,31.0,False,4,0.0,33.935126,-84.224788,"https://www.google.com/maps/@?api=1&map_action=pano&viewpoint=33.935126,-84.224788","https://www.google.com/maps/search/?api=1&query=33.935126,-84.224788"
3526,Holcomb Bridge Rd & Woodmont Land Apts,PEACHTREE CORNERS,GDOT (state route),GDOT encroachment permit,hard,HOLCOMB BRIDGE RD,140.0,45.0,35,31.0,False,4,0.0,33.955515,-84.244553,"https://www.google.com/maps/@?api=1&map_action=pano&viewpoint=33.955515,-84.244553","https://www.google.com/maps/search/?api=1&query=33.955515,-84.244553"
3525,Holcomb Bridge Rd & Gwinnett Walk Plaza,PEACHTREE CORNERS,GDOT (state route),GDOT encroachment permit,hard,HOLCOMB BRIDGE RD,140.0,45.0,35,31.0,False,6,0.0,33.953923,-84.243571,"https://www.google.com/maps/@?api=1&map_action=pano&viewpoint=33.953923,-84.243571","https://www.google.com/maps/search/?api=1&query=33.953923,-84.243571"
3501,Peachtree Pkwy & Residence Inn Hotel,PEACHTREE CORNERS,GDOT (state route),GDOT encroachment permit,hard,PEACHTREE PKWY,141.0,55.0,35,31.0,False,2,0.0,33.974073,-84.219818,"https://www.google.com/maps/@?api=1&map_action=pano&viewpoint=33.974073,-84.219818","https://www.google.com/maps/search/?api=1&query=33.974073,-84.219818"
4052,Grayson Hwy & Phillip St (Citgo),LAWRENCEVILLE,GDOT (state route),GDOT encroachment permit,hard,GRAYSON HWY,20.0,45.0,40,30.0,True,8,13.0,33.945941,-83.985469,"https://www.google.com/maps/@?api=1&map_action=pano&viewpoint=33.945941,-83.985469","https://www.google.com/maps/search/?api=1&query=33.945941,-83.985469"
4053,Grayson Hwy & St. Lawrence Church,LAWRENCEVILLE,GDOT (state route),GDOT encroachment permit,hard,GRAYSON HWY,20.0,45.0,40,30.0,True,7,13.0,33.943777,-83.984256,"https://www.google.com/maps/@?api=1&map_action=pano&viewpoint=33.943777,-83.984256","https://www.google.com/maps/search/?api=1&query=33.943777,-83.984256"
4054,Grayson Hwy & Associated Credit Union,LAWRENCEVILLE,GDOT (state route),GDOT encroachment permit,hard,GRAYSON HWY,20.0,45.0,40,30.0,True,7,13.0,33.941938,-83.983137,"https://www.google.com/maps/@?api=1&map_action=pano&viewpoint=33.941938,-83.983137","https://www.google.com/maps/search/?api=1&query=33.941938,-83.983137"
4051,S Clayton St & Wells Fargo,LAWRENCEVILLE,GDOT (state route),GDOT encroachment permit,hard,S CLAYTON ST,20.0,35.0,40,30.0,True,11,13.0,33.948093,-83.98673,"https://www.google.com/maps/@?api=1&map_action=pano&viewpoint=33.948093,-83.98673","https://www.google.com/maps/search/?api=1&query=33.948093,-83.98673"
3583,Holcomb Bridge Rd & Veranda Knolls Apts,PEACHTREE CORNERS,GDOT (state route),GDOT encroachment permit,hard,HOLCOMB BRIDGE RD,140.0,45.0,35,29.0,True,3,12.6,33.957802,-84.245875,"https://www.google.com/maps/@?api=1&map_action=pano&viewpoint=33.957802,-84.245875","https://www.google.com/maps/search/?api=1&query=33.957802,-84.245875"
3601,Peachtree Pkwy & Weslayan School OB,PEACHTREE CORNERS,GDOT (state route),GDOT encroachment permit,hard,PEACHTREE PKWY,141.0,55.0,35,29.0,True,1,12.6,33.974072,-84.21939,"https://www.google.com/maps/@?api=1&map_action=pano&viewpoint=33.974072,-84.21939","https://www.google.com/maps/search/?api=1&query=33.974072,-84.21939"
3569,Jimmy Carter Blvd & Atlantic Blvd,NORCROSS,GDOT (state route),GDOT encroachment permit,hard,JIMMY CARTER BLVD,140.0,45.0,35,29.0,True,3,12.6,33.939814,-84.236593,"https://www.google.com/maps/@?api=1&map_action=pano&viewpoint=33.939814,-84.236593","https://www.google.com/maps/search/?api=1&query=33.939814,-84.236593"
3568,Jimmy Carter Blvd & RR Tracks,NORCROSS,GDOT (state route),GDOT encroachment permit,hard,JIMMY CARTER BLVD,140.0,45.0,35,29.0,True,5,12.6,33.938048,-84.235357,"https://www.google.com/maps/@?api=1&map_action=pano&viewpoint=33.938048,-84.235357","https://www.google.com/maps/search/?api=1&query=33.938048,-84.235357"
3562,Jimmy Carter Blvd & Los Portales Rest,UNINCORPORATED,GDOT (state route),GDOT encroachment permit,hard,JIMMY CARTER BLVD,140.0,45.0,35,29.0,True,7,12.6,33.931073,-84.221486,"https://www.google.com/maps/@?api=1&map_action=pano&viewpoint=33.931073,-84.221486","https://www.google.com/maps/search/?api=1&query=33.931073,-84.221486"
3561,Jimmy Carter Blvd & Best Friend Park,UNINCORPORATED,GDOT (state route),GDOT encroachment permit,hard,JIMMY CARTER BLVD,140.0,45.0,35,29.0,True,2,12.6,33.928521,-84.22002,"https://www.google.com/maps/@?api=1&map_action=pano&viewpoint=33.928521,-84.22002","https://www.google.com/maps/search/?api=1&query=33.928521,-84.22002"
3570,Jimmy Carter Blvd & Veridian Bus Park,NORCROSS,GDOT (state route),GDOT encroachment permit,hard,JIMMY CARTER BLVD,140.0,45.0,35,29.0,True,4,12.6,33.94108,-84.237468,"https://www.google.com/maps/@?api=1&map_action=pano&viewpoint=33.94108,-84.237468","https://www.google.com/maps/search/?api=1&query=33.94108,-84.237468"
3602,Peachtree Pkwy & Peachtree Corner Cir IB,PEACHTREE CORNERS,GDOT (state route),GDOT encroachment permit,hard,PEACHTREE PKWY,141.0,55.0,35,29.0,True,5,12.6,33.977353,-84.217574,"https://www.google.com/maps/@?api=1&map_action=pano&viewpoint=33.977353,-84.217574","https://www.google.com/maps/search/?api=1&query=33.977353,-84.217574"
3599,Peachtree Pkwy & Hyatt IB,PEACHTREE CORNERS,GDOT (state route),GDOT encroachment permit,hard,PEACHTREE PKWY,141.0,55.0,35,29.0,True,3,12.6,33.966354,-84.222801,"https://www.google.com/maps/@?api=1&map_action=pano&viewpoint=33.966354,-84.222801","https://www.google.com/maps/search/?api=1&query=33.966354,-84.222801"
3558,Jimmy Carter Blvd & O'Riley,UNINCORPORATED,GDOT (state route),GDOT encroachment permit,hard,JIMMY CARTER BLVD,140.0,45.0,35,29.0,True,4,12.6,33.922873,-84.213173,"https://www.google.com/maps/@?api=1&map_action=pano&viewpoint=33.922873,-84.213173","https://www.google.com/maps/search/?api=1&query=33.922873,-84.213173"
3604,Peachtree Pkwy & Piedmont Bank,PEACHTREE CORNERS,GDOT (state route),GDOT encroachment permit,hard,PEACHTREE PKWY,141.0,55.0,35,29.0,True,3,12.6,33.98274,-84.213913,"https://www.google.com/maps/@?api=1&map_action=pano&viewpoint=33.98274,-84.213913","https://www.google.com/maps/search/?api=1&query=33.98274,-84.213913"
3584,Holcomb Bridge Rd & The Veiws Apts,PEACHTREE CORNERS,GDOT (state route),GDOT encroachment permit,hard,HOLCOMB BRIDGE RD,140.0,45.0,35,29.0,True,2,12.6,33.955559,-84.244884,"https://www.google.com/maps/@?api=1&map_action=pano&viewpoint=33.955559,-84.244884","https://www.google.com/maps/search/?api=1&query=33.955559,-84.244884"
3567,6695 Jimmy Carter Blvd,NORCROSS,GDOT (state route),GDOT encroachment permit,hard,JIMMY CARTER BLVD,140.0,45.0,35,29.0,True,5,12.6,33.936508,-84.234044,"https://www.google.com/maps/@?api=1&map_action=pano&viewpoint=33.936508,-84.234044","https://www.google.com/maps/search/?api=1&query=33.936508,-84.234044"
3588,Peachtree Pkwy & The Corner Bakery,PEACHTREE CORNERS,GDOT (state route),GDOT encroachment permit,hard,PEACHTREE PKWY,141.0,55.0,35,29.0,True,4,12.6,33.953851,-84.233352,"https://www.google.com/maps/@?api=1&map_action=pano&viewpoint=33.953851,-84.233352","https://www.google.com/maps/search/?api=1&query=33.953851,-84.233352"
3587,Peachtree Pkwy & Publix,PEACHTREE CORNERS,GDOT (state route),GDOT encroachment permit,hard,PEACHTREE PKWY,141.0,55.0,35,29.0,True,6,12.6,33.952211,-84.234155,"https://www.google.com/maps/@?api=1&map_action=pano&viewpoint=33.952211,-84.234155","https://www.google.com/maps/search/?api=1&query=33.952211,-84.234155"
3585,Holcomb Bridge Rd & A Hand to Hold,PEACHTREE CORNERS,GDOT (state route),GDOT encroachment permit,hard,HOLCOMB BRIDGE RD,140.0,45.0,35,29.0,True,9,12.6,33.953286,-84.243425,"https://www.google.com/maps/@?api=1&map_action=pano&viewpoint=33.953286,-84.243425","https://www.google.com/maps/search/?api=1&query=33.953286,-84.243425"
3566,Jimmy Carter Blvd & Maxzone Depo,NORCROSS,GDOT (state route),GDOT encroachment permit,hard,JIMMY CARTER BLVD,140.0,45.0,35,29.0,True,2,12.6,33.935349,-84.23065,"https://www.google.com/maps/@?api=1&map_action=pano&viewpoint=33.935349,-84.23065","https://www.google.com/maps/search/?api=1&query=33.935349,-84.23065"
3565,Jimmy Carter Blvd & Pacific Drive IB,NORCROSS,GDOT (state route),GDOT encroachment permit,hard,JIMMY CARTER BLVD,140.0,45.0,35,29.0,True,5,12.6,33.935634,-84.228432,"https://www.google.com/maps/@?api=1&map_action=pano&viewpoint=33.935634,-84.228432","https://www.google.com/maps/search/?api=1&query=33.935634,-84.228432"
3559,Jimmy Carter Blvd & Best Friend Rd IB,UNINCORPORATED,GDOT (state route),GDOT encroachment permit,hard,JIMMY CARTER BLVD,140.0,45.0,35,29.0,True,6,12.6,33.924638,-84.215898,"https://www.google.com/maps/@?api=1&map_action=pano&viewpoint=33.924638,-84.215898","https://www.google.com/maps/search/?api=1&query=33.924638,-84.215898"
3563,Jimmy Carter Blvd & S Peachtree St,NORCROSS,GDOT (state route),GDOT encroachment permit,hard,JIMMY CARTER BLVD,140.0,45.0,35,29.0,True,6,12.6,33.933375,-84.222825,"https://www.google.com/maps/@?api=1&map_action=pano&viewpoint=33.933375,-84.222825","https://www.google.com/maps/search/?api=1&query=33.933375,-84.222825"
3564,Jimmy Carter Blvd & W Peachtree St,NORCROSS,GDOT (state route),GDOT encroachment permit,hard,JIMMY CARTER BLVD,140.0,45.0,35,29.0,True,4,12.6,33.935271,-84.224563,"https://www.google.com/maps/@?api=1&map_action=pano&viewpoint=33.935271,-84.224563","https://www.google.com/maps/search/?api=1&query=33.935271,-84.224563"
3560,Jimmy Carter Blvd & Norhtbelt Dr,UNINCORPORATED,GDOT (state route),GDOT encroachment permit,hard,JIMMY CARTER BLVD,140.0,45.0,35,29.0,True,4,12.6,33.92738,-84.219276,"https://www.google.com/maps/@?api=1&map_action=pano&viewpoint=33.92738,-84.219276","https://www.google.com/maps/search/?api=1&query=33.92738,-84.219276"
3603,Peachtree Pkwy & Forum IB,PEACHTREE CORNERS,GDOT (state route),GDOT encroachment permit,hard,PEACHTREE PKWY,141.0,55.0,35,29.0,False,3,0.0,33.980814,-84.215304,"https://www.google.com/maps/@?api=1&map_action=pano&viewpoint=33.980814,-84.215304","https://www.google.com/maps/search/?api=1&query=33.980814,-84.215304"
3600,Peachtree Pkwy Plaza IB,PEACHTREE CORNERS,GDOT (state route),GDOT encroachment permit,hard,PEACHTREE PKWY,141.0,55.0,35,29.0,False,5,0.0,33.970821,-84.220876,"https://www.google.com/maps/@?api=1&map_action=pano&viewpoint=33.970821,-84.220876","https://www.google.com/maps/search/?api=1&query=33.970821,-84.220876"
4087,Grayson Hwy & VFW IB,LAWRENCEVILLE,GDOT (state route),GDOT encroachment permit,hard,GRAYSON HWY,20.0,45.0,40,28.0,True,7,12.2,33.942288,-83.983171,"https://www.google.com/maps/@?api=1&map_action=pano&viewpoint=33.942288,-83.983171","https://www.google.com/maps/search/?api=1&query=33.942288,-83.983171"
4099,W Pike St & Phoenix HS,LAWRENCEVILLE,GDOT (state route),GDOT encroachment permit,hard,W PIKE ST,120.0,40.0,40,28.0,True,7,12.2,33.962022,-84.006079,"https://www.google.com/maps/@?api=1&map_action=pano&viewpoint=33.962022,-84.006079","https://www.google.com/maps/search/?api=1&query=33.962022,-84.006079"
4042,W Pike St & Kaceys Home Cooking Rest,LAWRENCEVILLE,GDOT (state route),GDOT encroachment permit,hard,W PIKE ST,120.0,40.0,40,28.0,True,9,12.2,33.962433,-84.006587,"https://www.google.com/maps/@?api=1&map_action=pano&viewpoint=33.962433,-84.006587","https://www.google.com/maps/search/?api=1&query=33.962433,-84.006587"
4045,W Pike St & W Pike Plza (Sign-o-rama),LAWRENCEVILLE,GDOT (state route),GDOT encroachment permit,hard,W PIKE ST,120.0,40.0,40,28.0,True,5,12.2,33.95787,-83.999515,"https://www.google.com/maps/@?api=1&map_action=pano&viewpoint=33.95787,-83.999515","https://www.google.com/maps/search/?api=1&query=33.95787,-83.999515"
4044,W Pike St & Midas OB,LAWRENCEVILLE,GDOT (state route),GDOT encroachment permit,hard,W PIKE ST,120.0,40.0,40,28.0,True,9,12.2,33.958291,-84.001796,"https://www.google.com/maps/@?api=1&map_action=pano&viewpoint=33.958291,-84.001796","https://www.google.com/maps/search/?api=1&query=33.958291,-84.001796"
4100,W Pike St & McConnell Dr,LAWRENCEVILLE,GDOT (state route),GDOT encroachment permit,hard,W PIKE ST,120.0,40.0,40,28.0,True,11,12.2,33.963297,-84.007068,"https://www.google.com/maps/@?api=1&map_action=pano&viewpoint=33.963297,-84.007068","https://www.google.com/maps/search/?api=1&query=33.963297,-84.007068"
4088,Grayson Hwy & Big Lots,LAWRENCEVILLE,GDOT (state route),GDOT encroachment permit,hard,GRAYSON HWY,20.0,45.0,40,28.0,True,6,12.2,33.945032,-83.984694,"https://www.google.com/maps/@?api=1&map_action=pano&viewpoint=33.945032,-83.984694","https://www.google.com/maps/search/?api=1&query=33.945032,-83.984694"
4089,Grayson Hwy & Metro Matress,LAWRENCEVILLE,GDOT (state route),GDOT encroachment permit,hard,GRAYSON HWY,20.0,45.0,40,28.0,True,7,12.2,33.946053,-83.985288,"https://www.google.com/maps/@?api=1&map_action=pano&viewpoint=33.946053,-83.985288","https://www.google.com/maps/search/?api=1&query=33.946053,-83.985288"
4090,Grayson Hwy & Lawrenceville Square Plaza,LAWRENCEVILLE,GDOT (state route),GDOT encroachment permit,hard,S CLAYTON ST,20.0,35.0,40,28.0,True,10,12.2,33.948562,-83.986839,"https://www.google.com/maps/@?api=1&map_action=pano&viewpoint=33.948562,-83.986839","https://www.google.com/maps/search/?api=1&query=33.948562,-83.986839"
4080,Gwinnett Central High School IB,LAWRENCEVILLE,GDOT (state route),GDOT encroachment permit,hard,W CROGAN ST,8.0,45.0,40,28.0,True,5,12.2,33.949948,-84.000314,"https://www.google.com/maps/@?api=1&map_action=pano&viewpoint=33.949948,-84.000314","https://www.google.com/maps/search/?api=1&query=33.949948,-84.000314"
4098,W Pike St & Old Norcross Rd,LAWRENCEVILLE,GDOT (state route),GDOT encroachment permit,hard,W PIKE ST,120.0,40.0,40,28.0,True,3,12.2,33.960768,-84.004716,"https://www.google.com/maps/@?api=1&map_action=pano&viewpoint=33.960768,-84.004716","https://www.google.com/maps/search/?api=1&query=33.960768,-84.004716"
4074,Lawrenceville Hwy & Wal-Mart,UNINCORPORATED,GDOT (state route),GDOT encroachment permit,hard,LAWRENCEVILLE HWY,8.0,45.0,40,28.0,True,2,12.2,33.938098,-84.025583,"https://www.google.com/maps/@?api=1&map_action=pano&viewpoint=33.938098,-84.025583","https://www.google.com/maps/search/?api=1&query=33.938098,-84.025583"
4075,Lawrenceville Hwy & Pizza Hut,LAWRENCEVILLE,GDOT (state route),GDOT encroachment permit,hard,LAWRENCEVILLE HWY,8.0,45.0,40,28.0,True,4,12.2,33.938601,-84.018108,"https://www.google.com/maps/@?api=1&map_action=pano&viewpoint=33.938601,-84.018108","https://www.google.com/maps/search/?api=1&query=33.938601,-84.018108"
4076,Lawrenceville Hwy & Little Ceasars,UNINCORPORATED,GDOT (state route),GDOT encroachment permit,hard,LAWRENCEVILLE HWY,8.0,45.0,40,28.0,True,5,12.2,33.939745,-84.015852,"https://www.google.com/maps/@?api=1&map_action=pano&viewpoint=33.939745,-84.015852","https://www.google.com/maps/search/?api=1&query=33.939745,-84.015852"
4077,Lawrenceville Hwy & Lawrenceville Pediat,LAWRENCEVILLE,GDOT (state route),GDOT encroachment permit,hard,LAWRENCEVILLE HWY,8.0,45.0,40,28.0,True,5,12.2,33.941921,-84.012936,"https://www.google.com/maps/@?api=1&map_action=pano&viewpoint=33.941921,-84.012936","https://www.google.com/maps/search/?api=1&query=33.941921,-84.012936"
4078,Lawrenceville Hwy & Hanarry Dr,LAWRENCEVILLE,GDOT (state route),GDOT encroachment permit,hard,LAWRENCEVILLE HWY,8.0,45.0,40,28.0,True,5,12.2,33.944761,-84.009345,"https://www.google.com/maps/@?api=1&map_action=pano&viewpoint=33.944761,-84.009345","https://www.google.com/maps/search/?api=1&query=33.944761,-84.009345"
4079,Lawrenceville Hwy & Bartow Jenkins Park,LAWRENCEVILLE,GDOT (state route),GDOT encroachment permit,hard,LAWRENCEVILLE HWY,8.0,45.0,40,28.0,True,5,12.2,33.946561,-84.006312,"https://www.google.com/maps/@?api=1&map_action=pano&viewpoint=33.946561,-84.006312","https://www.google.com/maps/search/?api=1&query=33.946561,-84.006312"
4041,W. Pike St & CVS Pharmacy,LAWRENCEVILLE,GDOT (state route),GDOT encroachment permit,hard,W PIKE ST,120.0,40.0,40,28.0,True,4,12.2,33.964751,-84.008296,"https://www.google.com/maps/@?api=1&map_action=pano&viewpoint=33.964751,-84.008296","https://www.google.com/maps/search/?api=1&query=33.964751,-84.008296"
3051,Lawrenceville Hwy & Citgo Gas Station,UNINCORPORATED,GDOT (state route),GDOT encroachment permit,hard,LAWRENCEVILLE HWY,8.0,45.0,30,28.0,True,3,12.2,33.867317,-84.186793,"https://www.google.com/maps/@?api=1&map_action=pano&viewpoint=33.867317,-84.186793","https://www.google.com/maps/search/?api=1&query=33.867317,-84.186793"
3050,Lawrenceville Hwy & Stone Center OB,UNINCORPORATED,GDOT (state route),GDOT encroachment permit,hard,LAWRENCEVILLE HWY,8.0,45.0,30,28.0,True,4,12.2,33.867662,-84.181925,"https://www.google.com/maps/@?api=1&map_action=pano&viewpoint=33.867662,-84.181925","https://www.google.com/maps/search/?api=1&query=33.867662,-84.181925"
3049,Lawrenceville Hwy & Braxton Pl,UNINCORPORATED,GDOT (state route),GDOT encroachment permit,hard,LAWRENCEVILLE HWY,8.0,45.0,30,28.0,True,6,12.2,33.868889,-84.178953,"https://www.google.com/maps/@?api=1&map_action=pano&viewpoint=33.868889,-84.178953","https://www.google.com/maps/search/?api=1&query=33.868889,-84.178953"
3048,Lawrenceville Hwy & Linda Dr,UNINCORPORATED,GDOT (state route),GDOT encroachment permit,hard,LAWRENCEVILLE HWY,8.0,45.0,30,28.0,True,5,12.2,33.870972,-84.175867,"https://www.google.com/maps/@?api=1&map_action=pano&viewpoint=33.870972,-84.175867","https://www.google.com/maps/search/?api=1&query=33.870972,-84.175867"
3047,Lawrenceville Hwy & Mimosa Circle OB,UNINCORPORATED,GDOT (state route),GDOT encroachment permit,hard,LAWRENCEVILLE HWY,8.0,45.0,30,28.0,True,4,12.2,33.87217,-84.174708,"https://www.google.com/maps/@?api=1&map_action=pano&viewpoint=33.87217,-84.174708","https://www.google.com/maps/search/?api=1&query=33.87217,-84.174708"
3046,Lawrenceville Hwy & Kenvilla Dr OB,UNINCORPORATED,GDOT (state route),GDOT encroachment permit,hard,LAWRENCEVILLE HWY,8.0,45.0,30,28.0,True,6,12.2,33.87612,-84.170285,"https://www.google.com/maps/@?api=1&map_action=pano&viewpoint=33.87612,-84.170285","https://www.google.com/maps/search/?api=1&query=33.87612,-84.170285"
3045,Lawrenceville Hwy & Jordan Dr OB,UNINCORPORATED,GDOT (state route),GDOT encroachment permit,hard,LAWRENCEVILLE HWY,8.0,45.0,30,28.0,True,4,12.2,33.878548,-84.16771,"https://www.google.com/maps/@?api=1&map_action=pano&viewpoint=33.878548,-84.16771","https://www.google.com/maps/search/?api=1&query=33.878548,-84.16771"
3044,Lawrenceville Hwy & Harmony Grove Rd OB,LILBURN,GDOT (state route),GDOT encroachment permit,hard,LAWRENCEVILLE HWY,8.0,45.0,30,28.0,True,8,12.2,33.881196,-84.164494,"https://www.google.com/maps/@?api=1&map_action=pano&viewpoint=33.881196,-84.164494","https://www.google.com/maps/search/?api=1&query=33.881196,-84.164494"
3039,Lawrenceville Hwy & Bryson Park OB,LILBURN,GDOT (state route),GDOT encroachment permit,hard,LAWRENCEVILLE HWY,8.0,45.0,30,28.0,True,5,12.2,33.889423,-84.148104,"https://www.google.com/maps/@?api=1&map_action=pano&viewpoint=33.889423,-84.148104","https://www.google.com/maps/search/?api=1&query=33.889423,-84.148104"
3038,Lawrenceville Hwy & Shell/Lilburn Animal,LILBURN,GDOT (state route),GDOT encroachment permit,hard,LAWRENCEVILLE HWY,8.0,45.0,30,28.0,True,8,12.2,33.889714,-84.144679,"https://www.google.com/maps/@?api=1&map_action=pano&viewpoint=33.889714,-84.144679","https://www.google.com/maps/search/?api=1&query=33.889714,-84.144679"
3036,Lawrenceville Hwy & Indian Trail Rd,LILBURN,GDOT (state route),GDOT encroachment permit,hard,LAWRENCEVILLE HWY,8.0,45.0,30,28.0,True,6,12.2,33.894945,-84.140578,"https://www.google.com/maps/@?api=1&map_action=pano&viewpoint=33.894945,-84.140578","https://www.google.com/maps/search/?api=1&query=33.894945,-84.140578"
3017,Beaver Ruin Rd & Shell Gas Station,UNINCORPORATED,GDOT (state route),GDOT encroachment permit,hard,BEAVER RUIN RD,378.0,45.0,30,28.0,True,5,12.2,33.932368,-84.152394,"https://www.google.com/maps/@?api=1&map_action=pano&viewpoint=33.932368,-84.152394","https://www.google.com/maps/search/?api=1&query=33.932368,-84.152394"
3043,Lawrenceville Hwy & Rockbridge Rd (Walgr,LILBURN,GDOT (state route),GDOT encroachment permit,hard,LAWRENCEVILLE HWY,8.0,45.0,30,28.0,True,5,12.2,33.883564,-84.161309,"https://www.google.com/maps/@?api=1&map_action=pano&viewpoint=33.883564,-84.161309","https://www.google.com/maps/search/?api=1&query=33.883564,-84.161309"
3042,Lawrenceville Hwy & Exxon Gas Station,LILBURN,GDOT (state route),GDOT encroachment permit,hard,LAWRENCEVILLE HWY,8.0,45.0,30,28.0,True,10,12.2,33.886844,-84.158034,"https://www.google.com/maps/@?api=1&map_action=pano&viewpoint=33.886844,-84.158034","https://www.google.com/maps/search/?api=1&query=33.886844,-84.158034"
3041,Lawrenceville Hwy & Harbins Rd OB,LILBURN,GDOT (state route),GDOT encroachment permit,hard,LAWRENCEVILLE HWY,8.0,45.0,30,28.0,True,4,12.2,33.889127,-84.155473,"https://www.google.com/maps/@?api=1&map_action=pano&viewpoint=33.889127,-84.155473","https://www.google.com/maps/search/?api=1&query=33.889127,-84.155473"
3040,Lawrenceville Hwy & Lilburn School Rd OB,LILBURN,GDOT (state route),GDOT encroachment permit,hard,LAWRENCEVILLE HWY,8.0,45.0,30,28.0,True,13,12.2,33.889748,-84.151591,"https://www.google.com/maps/@?api=1&map_action=pano&viewpoint=33.889748,-84.151591","https://www.google.com/maps/search/?api=1&query=33.889748,-84.151591"
4018,Sugarloaf Mills at the Discount Tire Co,UNINCORPORATED,Private,Private property owner,hard,SUGARLOAF MILLS CIR,,25.0,40,28.0,True,3,0.0,33.978171,-84.083268,"https://www.google.com/maps/@?api=1&map_action=pano&viewpoint=33.978171,-84.083268","https://www.google.com/maps/search/?api=1&query=33.978171,-84.083268"
4096,W Pike St & Honeysuckle Ave,LAWRENCEVILLE,GDOT (state route),GDOT encroachment permit,hard,W PIKE ST,120.0,40.0,40,28.0,False,3,0.0,33.957937,-83.999013,"https://www.google.com/maps/@?api=1&map_action=pano&viewpoint=33.957937,-83.999013","https://www.google.com/maps/search/?api=1&query=33.957937,-83.999013"
3078,Lawrenceville Hwy & Lankford Rd IB,UNINCORPORATED,GDOT (state route),GDOT encroachment permit,hard,LAWRENCEVILLE HWY,8.0,45.0,30,27.0,True,7,11.7,33.870426,-84.176189,"https://www.google.com/maps/@?api=1&map_action=pano&viewpoint=33.870426,-84.176189","https://www.google.com/maps/search/?api=1&query=33.870426,-84.176189"
3079,Lawrenceville Hwy & Mimosa Cir IB,UNINCORPORATED,GDOT (state route),GDOT encroachment permit,hard,LAWRENCEVILLE HWY,8.0,45.0,30,27.0,True,7,11.7,33.872824,-84.173608,"https://www.google.com/maps/@?api=1&map_action=pano&viewpoint=33.872824,-84.173608","https://www.google.com/maps/search/?api=1&query=33.872824,-84.173608"
3080,Lawrenceville Hwy & Kenvilla Dr IB,UNINCORPORATED,GDOT (state route),GDOT encroachment permit,hard,LAWRENCEVILLE HWY,8.0,45.0,30,27.0,True,5,11.7,33.875644,-84.170503,"https://www.google.com/maps/@?api=1&map_action=pano&viewpoint=33.875644,-84.170503","https://www.google.com/maps/search/?api=1&query=33.875644,-84.170503"
3081,Lawrenceville Hwy & Harmony Grove Rd IB,LILBURN,GDOT (state route),GDOT encroachment permit,hard,LAWRENCEVILLE HWY,8.0,45.0,30,27.0,True,6,11.7,33.880772,-84.16472,"https://www.google.com/maps/@?api=1&map_action=pano&viewpoint=33.880772,-84.16472","https://www.google.com/maps/search/?api=1&query=33.880772,-84.16472"
3082,Lawrenceville Hwy & Rockbridge Rd (Citgo,LILBURN,GDOT (state route),GDOT encroachment permit,hard,LAWRENCEVILLE HWY,8.0,45.0,30,27.0,True,7,11.7,33.882688,-84.161853,"https://www.google.com/maps/@?api=1&map_action=pano&viewpoint=33.882688,-84.161853","https://www.google.com/maps/search/?api=1&query=33.882688,-84.161853"
3075,Lawrenceville Hwy &Tucker Valley Rd,UNINCORPORATED,GDOT (state route),GDOT encroachment permit,hard,LAWRENCEVILLE HWY,8.0,45.0,30,27.0,True,3,11.7,33.86714,-84.186805,"https://www.google.com/maps/@?api=1&map_action=pano&viewpoint=33.86714,-84.186805","https://www.google.com/maps/search/?api=1&query=33.86714,-84.186805"
3076,Lawrenceville Hwy & Summerwalk Pkwy,UNINCORPORATED,GDOT (state route),GDOT encroachment permit,hard,LAWRENCEVILLE HWY,8.0,45.0,30,27.0,True,5,11.7,33.867456,-84.182193,"https://www.google.com/maps/@?api=1&map_action=pano&viewpoint=33.867456,-84.182193","https://www.google.com/maps/search/?api=1&query=33.867456,-84.182193"
3077,Lawrenceville Hwy & Pounds Rd,UNINCORPORATED,GDOT (state route),GDOT encroachment permit,hard,LAWRENCEVILLE HWY,8.0,45.0,30,27.0,True,9,11.7,33.868544,-84.179165,"https://www.google.com/maps/@?api=1&map_action=pano&viewpoint=33.868544,-84.179165","https://www.google.com/maps/search/?api=1&query=33.868544,-84.179165"
3083,Lawrenceville Hwy & Greenwood Dr,LILBURN,GDOT (state route),GDOT encroachment permit,hard,LAWRENCEVILLE HWY,8.0,45.0,30,27.0,True,7,11.7,33.88681,-84.157818,"https://www.google.com/maps/@?api=1&map_action=pano&viewpoint=33.88681,-84.157818","https://www.google.com/maps/search/?api=1&query=33.88681,-84.157818"
3086,Lawrenceville Hwy & Bryson Park IB,LILBURN,GDOT (state route),GDOT encroachment permit,hard,LAWRENCEVILLE HWY,8.0,45.0,30,27.0,True,6,11.7,33.889191,-84.148125,"https://www.google.com/maps/@?api=1&map_action=pano&viewpoint=33.889191,-84.148125","https://www.google.com/maps/search/?api=1&query=33.889191,-84.148125"
3085,Lawrenceville Hwy & Lilburn School Rd,LILBURN,GDOT (state route),GDOT encroachment permit,hard,LAWRENCEVILLE HWY,8.0,45.0,30,27.0,True,3,11.7,33.889549,-84.151568,"https://www.google.com/maps/@?api=1&map_action=pano&viewpoint=33.889549,-84.151568","https://www.google.com/maps/search/?api=1&query=33.889549,-84.151568"
3084,Lawrenceville Hwy & Harbins Rd IB,LILBURN,GDOT (state route),GDOT encroachment permit,hard,LAWRENCEVILLE HWY,8.0,45.0,30,27.0,True,5,11.7,33.888959,-84.155234,"https://www.google.com/maps/@?api=1&map_action=pano&viewpoint=33.888959,-84.155234","https://www.google.com/maps/search/?api=1&query=33.888959,-84.155234"
3087,Lawrenceville Hwy & Pine St,LILBURN,GDOT (state route),GDOT encroachment permit,hard,LAWRENCEVILLE HWY,8.0,45.0,30,27.0,True,9,11.7,33.889562,-84.144669,"https://www.google.com/maps/@?api=1&map_action=pano&viewpoint=33.889562,-84.144669","https://www.google.com/maps/search/?api=1&query=33.889562,-84.144669"
3108,Beaver Ruin Rd & Steve Reynolds Blvd,UNINCORPORATED,GDOT (state route),GDOT encroachment permit,hard,BEAVER RUIN RD,378.0,45.0,30,27.0,False,5,0.0,33.931213,-84.147358,"https://www.google.com/maps/@?api=1&map_action=pano&viewpoint=33.931213,-84.147358","https://www.google.com/maps/search/?api=1&query=33.931213,-84.147358"
1095,Beaver Ruin Rd at Newbury Rd IB,NORCROSS,GDOT (state route),GDOT encroachment permit,hard,BEAVER RUIN RD,378.0,45.0,10A,24.0,True,6,10.4,33.93904,-84.191336,"https://www.google.com/maps/@?api=1&map_action=pano&viewpoint=33.93904,-84.191336","https://www.google.com/maps/search/?api=1&query=33.93904,-84.191336"
1028,Beaver Ruin Rd & St. Patricks Church OB,NORCROSS,GDOT (state route),GDOT encroachment permit,hard,BEAVER RUIN RD,378.0,45.0,10A,24.0,True,4,10.4,33.935093,-84.182595,"https://www.google.com/maps/@?api=1&map_action=pano&viewpoint=33.935093,-84.182595","https://www.google.com/maps/search/?api=1&query=33.935093,-84.182595"
1025,Beaver Ruin Rd & Beaver Ridge Elementary,UNINCORPORATED,GDOT (state route),GDOT encroachment permit,hard,BEAVER RUIN RD,378.0,45.0,10A,24.0,True,6,10.4,33.933625,-84.173503,"https://www.google.com/maps/@?api=1&map_action=pano&viewpoint=33.933625,-84.173503","https://www.google.com/maps/search/?api=1&query=33.933625,-84.173503"
1026,Beaver Ruin Rd & Quick Trip,UNINCORPORATED,GDOT (state route),GDOT encroachment permit,hard,BEAVER RUIN RD,378.0,45.0,10A,24.0,True,8,10.4,33.932944,-84.176588,"https://www.google.com/maps/@?api=1&map_action=pano&viewpoint=33.932944,-84.176588","https://www.google.com/maps/search/?api=1&query=33.932944,-84.176588"
1094,Beaver Ruin Rd at Huddersfield Way IB,NORCROSS,GDOT (state route),GDOT encroachment permit,hard,BEAVER RUIN RD,378.0,45.0,10A,24.0,True,6,10.4,33.939451,-84.193154,"https://www.google.com/maps/@?api=1&map_action=pano&viewpoint=33.939451,-84.193154","https://www.google.com/maps/search/?api=1&query=33.939451,-84.193154"
1029,Beaver Ruin Rd & Rockborough Tr (DMV),NORCROSS,GDOT (state route),GDOT encroachment permit,hard,BEAVER RUIN RD,378.0,45.0,10A,24.0,True,5,10.4,33.936633,-84.185361,"https://www.google.com/maps/@?api=1&map_action=pano&viewpoint=33.936633,-84.185361","https://www.google.com/maps/search/?api=1&query=33.936633,-84.185361"
1030,Beaver Ruin Rd & East Hill Way OB,UNINCORPORATED,GDOT (state route),GDOT encroachment permit,hard,BEAVER RUIN RD,378.0,45.0,10A,24.0,True,2,10.4,33.938002,-84.18819,"https://www.google.com/maps/@?api=1&map_action=pano&viewpoint=33.938002,-84.18819","https://www.google.com/maps/search/?api=1&query=33.938002,-84.18819"
1031,Beaver Ruin Rd & Bailey Dr OB,NORCROSS,GDOT (state route),GDOT encroachment permit,hard,BEAVER RUIN RD,378.0,45.0,10A,24.0,True,4,10.4,33.938765,-84.189774,"https://www.google.com/maps/@?api=1&map_action=pano&viewpoint=33.938765,-84.189774","https://www.google.com/maps/search/?api=1&query=33.938765,-84.189774"
1027,Beaver Ruin Rd & Indian Trail Rd OB,NORCROSS,GDOT (state route),GDOT encroachment permit,hard,BEAVER RUIN RD,378.0,45.0,10A,24.0,True,6,10.4,33.933095,-84.179327,"https://www.google.com/maps/@?api=1&map_action=pano&viewpoint=33.933095,-84.179327","https://www.google.com/maps/search/?api=1&query=33.933095,-84.179327"
1092,Beaver Ruin Rd at Family Denstistry IB,NORCROSS,GDOT (state route),GDOT encroachment permit,hard,BEAVER RUIN RD,378.0,45.0,10A,24.0,True,3,10.4,33.941995,-84.198799,"https://www.google.com/maps/@?api=1&map_action=pano&viewpoint=33.941995,-84.198799","https://www.google.com/maps/search/?api=1&query=33.941995,-84.198799"
1091,Beaver Ruin Rd & Price Place IB,NORCROSS,GDOT (state route),GDOT encroachment permit,hard,BEAVER RUIN RD,378.0,35.0,10A,24.0,True,4,10.4,33.942777,-84.201468,"https://www.google.com/maps/@?api=1&map_action=pano&viewpoint=33.942777,-84.201468","https://www.google.com/maps/search/?api=1&query=33.942777,-84.201468"
1093,Beaver Ruin Rd & Standford Village Ln IB,NORCROSS,GDOT (state route),GDOT encroachment permit,hard,BEAVER RUIN RD,378.0,45.0,10A,24.0,True,5,10.4,33.940217,-84.19604,"https://www.google.com/maps/@?api=1&map_action=pano&viewpoint=33.940217,-84.19604","https://www.google.com/maps/search/?api=1&query=33.940217,-84.19604"
1100,Beaver Ruin Rd at Lowes IB,NORCROSS,GDOT (state route),GDOT encroachment permit,hard,BEAVER RUIN RD,378.0,45.0,10A,24.0,True,3,10.4,33.932784,-84.175556,"https://www.google.com/maps/@?api=1&map_action=pano&viewpoint=33.932784,-84.175556","https://www.google.com/maps/search/?api=1&query=33.932784,-84.175556"
1101,Beaver Ruin Rd at Bolton Cir IB,UNINCORPORATED,GDOT (state route),GDOT encroachment permit,hard,BEAVER RUIN RD,378.0,45.0,10A,24.0,True,6,10.4,33.934073,-84.171287,"https://www.google.com/maps/@?api=1&map_action=pano&viewpoint=33.934073,-84.171287","https://www.google.com/maps/search/?api=1&query=33.934073,-84.171287"
1034,Beaver Ruin Rd & Light Circle NW OB,NORCROSS,GDOT (state route),GDOT encroachment permit,hard,BEAVER RUIN RD,378.0,45.0,10A,24.0,True,5,10.4,33.94211,-84.19858,"https://www.google.com/maps/@?api=1&map_action=pano&viewpoint=33.94211,-84.19858","https://www.google.com/maps/search/?api=1&query=33.94211,-84.19858"
1024,Beaver Ruin Rd & Red Oak Rd OB,UNINCORPORATED,GDOT (state route),GDOT encroachment permit,hard,BEAVER RUIN RD,378.0,45.0,10A,24.0,True,6,10.4,33.934852,-84.170534,"https://www.google.com/maps/@?api=1&map_action=pano&viewpoint=33.934852,-84.170534","https://www.google.com/maps/search/?api=1&query=33.934852,-84.170534"
1035,Beaver Ruin Rd & Price Place (across) OB,NORCROSS,GDOT (state route),GDOT encroachment permit,hard,BEAVER RUIN RD,378.0,35.0,10A,24.0,True,3,10.4,33.942983,-84.201331,"https://www.google.com/maps/@?api=1&map_action=pano&viewpoint=33.942983,-84.201331","https://www.google.com/maps/search/?api=1&query=33.942983,-84.201331"
1032,Beaver Ruin Rd & Child Ntwrk Daycare OB,NORCROSS,GDOT (state route),GDOT encroachment permit,hard,BEAVER RUIN RD,378.0,45.0,10A,24.0,True,7,10.4,33.939507,-84.192247,"https://www.google.com/maps/@?api=1&map_action=pano&viewpoint=33.939507,-84.192247","https://www.google.com/maps/search/?api=1&query=33.939507,-84.192247"
1099,Beaver Ruin Rd at Plaza IB,NORCROSS,GDOT (state route),GDOT encroachment permit,hard,BEAVER RUIN RD,378.0,45.0,10A,24.0,True,8,10.4,33.933141,-84.180304,"https://www.google.com/maps/@?api=1&map_action=pano&viewpoint=33.933141,-84.180304","https://www.google.com/maps/search/?api=1&query=33.933141,-84.180304"
1098,Beaver Ruin Rd at Pinnacle Way IB,NORCROSS,GDOT (state route),GDOT encroachment permit,hard,BEAVER RUIN RD,378.0,45.0,10A,24.0,True,6,10.4,33.935118,-84.183197,"https://www.google.com/maps/@?api=1&map_action=pano&viewpoint=33.935118,-84.183197","https://www.google.com/maps/search/?api=1&query=33.935118,-84.183197"
1097,Beaver Ruin Rd & Dept of Labor IB,NORCROSS,GDOT (state route),GDOT encroachment permit,hard,BEAVER RUIN RD,378.0,45.0,10A,24.0,True,2,10.4,33.936693,-84.186198,"https://www.google.com/maps/@?api=1&map_action=pano&viewpoint=33.936693,-84.186198","https://www.google.com/maps/search/?api=1&query=33.936693,-84.186198"
1096,Beaver Ruin Rd & Wexford Dr,UNINCORPORATED,GDOT (state route),GDOT encroachment permit,hard,BEAVER RUIN RD,378.0,45.0,10A,24.0,True,4,10.4,33.937859,-84.188509,"https://www.google.com/maps/@?api=1&map_action=pano&viewpoint=33.937859,-84.188509","https://www.google.com/maps/search/?api=1&query=33.937859,-84.188509"
1033,Beaver Ruin Rd & Twin Creek Dr,NORCROSS,GDOT (state route),GDOT encroachment permit,hard,BEAVER RUIN RD,378.0,45.0,10A,24.0,True,2,10.4,33.940048,-84.194581,"https://www.google.com/maps/@?api=1&map_action=pano&viewpoint=33.940048,-84.194581","https://www.google.com/maps/search/?api=1&query=33.940048,-84.194581"
1166,Buford Hwy & Norcross Industrial Ct,NORCROSS,GDOT (state route),GDOT encroachment permit,hard,BUFORD HWY,13.0,45.0,10B,19.0,True,3,8.3,33.948097,-84.199989,"https://www.google.com/maps/@?api=1&map_action=pano&viewpoint=33.948097,-84.199989","https://www.google.com/maps/search/?api=1&query=33.948097,-84.199989"
7019,US 78 at Davis Road,UNINCORPORATED,GDOT (state route),GDOT encroachment permit,hard,STONE MOUNTAIN HWY,10.0,45.0,70,19.0,True,4,8.3,33.82494,-84.102789,"https://www.google.com/maps/@?api=1&map_action=pano&viewpoint=33.82494,-84.102789","https://www.google.com/maps/search/?api=1&query=33.82494,-84.102789"
7021,US 78 at Gresham Circle,UNINCORPORATED,GDOT (state route),GDOT encroachment permit,hard,STONE MOUNTAIN HWY,10.0,45.0,70,19.0,True,8,8.3,33.83004,-84.092929,"https://www.google.com/maps/@?api=1&map_action=pano&viewpoint=33.83004,-84.092929","https://www.google.com/maps/search/?api=1&query=33.83004,-84.092929"
7018,US 78 at Sharp Trails,UNINCORPORATED,GDOT (state route),GDOT encroachment permit,hard,STONE MOUNTAIN HWY,10.0,45.0,70,19.0,True,10,8.3,33.82386,-84.108569,"https://www.google.com/maps/@?api=1&map_action=pano&viewpoint=33.82386,-84.108569","https://www.google.com/maps/search/?api=1&query=33.82386,-84.108569"
1164,Buford Hwy & Smith Ridge Trace,PEACHTREE CORNERS,GDOT (state route),GDOT encroachment permit,hard,BUFORD HWY,13.0,45.0,10B,19.0,True,4,8.3,33.952269,-84.195132,"https://www.google.com/maps/@?api=1&map_action=pano&viewpoint=33.952269,-84.195132","https://www.google.com/maps/search/?api=1&query=33.952269,-84.195132"
7023,US 78 at Paxton Drive,UNINCORPORATED,GDOT (state route),GDOT encroachment permit,hard,STONE MOUNTAIN HWY,10.0,45.0,70,19.0,True,7,8.3,33.835059,-84.074409,"https://www.google.com/maps/@?api=1&map_action=pano&viewpoint=33.835059,-84.074409","https://www.google.com/maps/search/?api=1&query=33.835059,-84.074409"
7025,US 78 at Oakland Park Blvd,UNINCORPORATED,GDOT (state route),GDOT encroachment permit,hard,STONE MOUNTAIN HWY,10.0,45.0,70,19.0,True,5,8.3,33.840569,-84.06291,"https://www.google.com/maps/@?api=1&map_action=pano&viewpoint=33.840569,-84.06291","https://www.google.com/maps/search/?api=1&query=33.840569,-84.06291"
7020,US 78 at Mankin Drive,UNINCORPORATED,GDOT (state route),GDOT encroachment permit,hard,STONE MOUNTAIN HWY,10.0,45.0,70,19.0,True,8,8.3,33.826279,-84.09714,"https://www.google.com/maps/@?api=1&map_action=pano&viewpoint=33.826279,-84.09714","https://www.google.com/maps/search/?api=1&query=33.826279,-84.09714"
7024,US 78 at Killian Hill Road,UNINCORPORATED,GDOT (state route),GDOT encroachment permit,hard,STONE MOUNTAIN HWY,10.0,45.0,70,19.0,True,5,8.3,33.83798,-84.068269,"https://www.google.com/maps/@?api=1&map_action=pano&viewpoint=33.83798,-84.068269","https://www.google.com/maps/search/?api=1&query=33.83798,-84.068269"
1157,Buford Hwy & Suzanne's Kitchen,PEACHTREE CORNERS,GDOT (state route),GDOT encroachment permit,hard,BUFORD HWY,13.0,45.0,10B,19.0,True,4,8.3,33.975957,-84.164478,"https://www.google.com/maps/@?api=1&map_action=pano&viewpoint=33.975957,-84.164478","https://www.google.com/maps/search/?api=1&query=33.975957,-84.164478"
1165,Buford Hwy & Langford Rd (Magnolia Plaza,PEACHTREE CORNERS,GDOT (state route),GDOT encroachment permit,hard,BUFORD HWY,13.0,45.0,10B,19.0,True,8,8.3,33.950218,-84.197399,"https://www.google.com/maps/@?api=1&map_action=pano&viewpoint=33.950218,-84.197399","https://www.google.com/maps/search/?api=1&query=33.950218,-84.197399"
1158,Buford Hwy & Gravitt Tr (across) OB,PEACHTREE CORNERS,GDOT (state route),GDOT encroachment permit,hard,BUFORD HWY,13.0,45.0,10B,19.0,True,5,8.3,33.973836,-84.167419,"https://www.google.com/maps/@?api=1&map_action=pano&viewpoint=33.973836,-84.167419","https://www.google.com/maps/search/?api=1&query=33.973836,-84.167419"
7030,US 78 at Evermore Blvd,UNINCORPORATED,GDOT (state route),GDOT encroachment permit,hard,W MAIN ST,10.0,45.0,70,19.0,True,5,8.3,33.852719,-84.03851,"https://www.google.com/maps/@?api=1&map_action=pano&viewpoint=33.852719,-84.03851","https://www.google.com/maps/search/?api=1&query=33.852719,-84.03851"
7033,Scenic Hwy at Andy's Muffler,SNELLVILLE,GDOT (state route),GDOT encroachment permit,hard,SCENIC HWY,124.0,35.0,70,19.0,True,5,8.3,33.861279,-84.018279,"https://www.google.com/maps/@?api=1&map_action=pano&viewpoint=33.861279,-84.018279","https://www.google.com/maps/search/?api=1&query=33.861279,-84.018279"
7029,US 78 at Highpoint Road,UNINCORPORATED,GDOT (state route),GDOT encroachment permit,hard,STONE MOUNTAIN HWY,10.0,45.0,70,19.0,True,6,8.3,33.85075,-84.044649,"https://www.google.com/maps/@?api=1&map_action=pano&viewpoint=33.85075,-84.044649","https://www.google.com/maps/search/?api=1&query=33.85075,-84.044649"
7027,US 78 at Parkwood Road,UNINCORPORATED,GDOT (state route),GDOT encroachment permit,hard,STONE MOUNTAIN HWY,10.0,45.0,70,19.0,True,4,8.3,33.8448,-84.054069,"https://www.google.com/maps/@?api=1&map_action=pano&viewpoint=33.8448,-84.054069","https://www.google.com/maps/search/?api=1&query=33.8448,-84.054069"
7028,US 78 at Georgia Lane,UNINCORPORATED,GDOT (state route),GDOT encroachment permit,hard,STONE MOUNTAIN HWY,10.0,45.0,70,19.0,True,5,8.3,33.847519,-84.04856,"https://www.google.com/maps/@?api=1&map_action=pano&viewpoint=33.847519,-84.04856","https://www.google.com/maps/search/?api=1&query=33.847519,-84.04856"
1160,Buford Hwy & Simpson Cir,PEACHTREE CORNERS,GDOT (state route),GDOT encroachment permit,hard,BUFORD HWY,13.0,45.0,10B,19.0,True,7,8.3,33.966906,-84.17706,"https://www.google.com/maps/@?api=1&map_action=pano&viewpoint=33.966906,-84.17706","https://www.google.com/maps/search/?api=1&query=33.966906,-84.17706"
1159,Buford Hwy & S Old Peachtree Rd OB,PEACHTREE CORNERS,GDOT (state route),GDOT encroachment permit,hard,BUFORD HWY,13.0,45.0,10B,19.0,True,2,8.3,33.970153,-84.172553,"https://www.google.com/maps/@?api=1&map_action=pano&viewpoint=33.970153,-84.172553","https://www.google.com/maps/search/?api=1&query=33.970153,-84.172553"
7031,US 78 at McGee Road,SNELLVILLE,GDOT (state route),GDOT encroachment permit,hard,W MAIN ST,10.0,45.0,70,19.0,True,8,8.3,33.8538,-84.032739,"https://www.google.com/maps/@?api=1&map_action=pano&viewpoint=33.8538,-84.032739","https://www.google.com/maps/search/?api=1&query=33.8538,-84.032739"
7026,US 78 at Hewatt Road,UNINCORPORATED,GDOT (state route),GDOT encroachment permit,hard,STONE MOUNTAIN HWY,10.0,45.0,70,19.0,True,5,8.3,33.84246,-84.05902,"https://www.google.com/maps/@?api=1&map_action=pano&viewpoint=33.84246,-84.05902","https://www.google.com/maps/search/?api=1&query=33.84246,-84.05902"
1167,Buford Hwy & Peach Corners Dist Ctr,NORCROSS,GDOT (state route),GDOT encroachment permit,hard,BUFORD HWY,13.0,45.0,10B,19.0,True,7,8.3,33.945984,-84.202628,"https://www.google.com/maps/@?api=1&map_action=pano&viewpoint=33.945984,-84.202628","https://www.google.com/maps/search/?api=1&query=33.945984,-84.202628"
7032,US 78 at Fountain Drive,SNELLVILLE,GDOT (state route),GDOT encroachment permit,hard,W MAIN ST,10.0,45.0,70,19.0,True,8,8.3,33.855259,-84.02725,"https://www.google.com/maps/@?api=1&map_action=pano&viewpoint=33.855259,-84.02725","https://www.google.com/maps/search/?api=1&query=33.855259,-84.02725"
1161,Buford Hwy & Remington Park Ct,PEACHTREE CORNERS,GDOT (state route),GDOT encroachment permit,hard,BUFORD HWY,13.0,45.0,10B,19.0,False,2,0.0,33.96488,-84.179812,"https://www.google.com/maps/@?api=1&map_action=pano&viewpoint=33.96488,-84.179812","https://www.google.com/maps/search/?api=1&query=33.96488,-84.179812"
1162,Buford Hwy & Phoenix Metals,PEACHTREE CORNERS,GDOT (state route),GDOT encroachment permit,hard,BUFORD HWY,13.0,45.0,10B,19.0,False,2,0.0,33.962112,-84.183617,"https://www.google.com/maps/@?api=1&map_action=pano&viewpoint=33.962112,-84.183617","https://www.google.com/maps/search/?api=1&query=33.962112,-84.183617"
1163,Buford Hwy & Pittman Cir,PEACHTREE CORNERS,GDOT (state route),GDOT encroachment permit,hard,BUFORD HWY,13.0,45.0,10B,19.0,False,2,0.0,33.95796,-84.188484,"https://www.google.com/maps/@?api=1&map_action=pano&viewpoint=33.95796,-84.188484","https://www.google.com/maps/search/?api=1&query=33.95796,-84.188484"
5015,Buford Hwy & Northmark Lane - Northmark,UNINCORPORATED,GDOT (state route),GDOT encroachment permit,hard,BUFORD HWY,13.0,50.0,50,18.0,True,3,7.8,34.082923,-84.035678,"https://www.google.com/maps/@?api=1&map_action=pano&viewpoint=34.082923,-84.035678","https://www.google.com/maps/search/?api=1&query=34.082923,-84.035678"
5018,Buford Hwy @ Suwanee Animal Hospital IB,SUWANEE,GDOT (state route),GDOT encroachment permit,hard,BUFORD HWY,13.0,45.0,50,18.0,True,5,7.8,34.060918,-84.061511,"https://www.google.com/maps/@?api=1&map_action=pano&viewpoint=34.060918,-84.061511","https://www.google.com/maps/search/?api=1&query=34.060918,-84.061511"
7016,US 78 at Parker Court,UNINCORPORATED,GDOT (state route),GDOT encroachment permit,hard,STONE MOUNTAIN HWY,10.0,45.0,70,18.0,True,7,7.8,33.82443,-84.10669,"https://www.google.com/maps/@?api=1&map_action=pano&viewpoint=33.82443,-84.10669","https://www.google.com/maps/search/?api=1&query=33.82443,-84.10669"
7015,US 78 at Puckett Road,UNINCORPORATED,GDOT (state route),GDOT encroachment permit,hard,STONE MOUNTAIN HWY,10.0,45.0,70,18.0,True,8,7.8,33.825279,-84.102049,"https://www.google.com/maps/@?api=1&map_action=pano&viewpoint=33.825279,-84.102049","https://www.google.com/maps/search/?api=1&query=33.825279,-84.102049"
7004,US 78 at McGee Road,SNELLVILLE,GDOT (state route),GDOT encroachment permit,hard,W MAIN ST,10.0,45.0,70,18.0,True,6,7.8,33.853699,-84.03435,"https://www.google.com/maps/@?api=1&map_action=pano&viewpoint=33.853699,-84.03435","https://www.google.com/maps/search/?api=1&query=33.853699,-84.03435"
5021,3400 Lawrenceville-Suwanee Road - Anixte,SUWANEE,GDOT (state route),GDOT encroachment permit,hard,LAWRENCEVILLE SUWANEE RD,317.0,45.0,50,18.0,True,4,7.8,34.041168,-84.053721,"https://www.google.com/maps/@?api=1&map_action=pano&viewpoint=34.041168,-84.053721","https://www.google.com/maps/search/?api=1&query=34.041168,-84.053721"
5048,Buford Drive @ Home Depot,BUFORD,GDOT (state route),GDOT encroachment permit,hard,BUFORD DR,20.0,50.0,50,18.0,True,3,7.8,34.091986,-84.001694,"https://www.google.com/maps/@?api=1&map_action=pano&viewpoint=34.091986,-84.001694","https://www.google.com/maps/search/?api=1&query=34.091986,-84.001694"
7005,US 78 at Evermore Blvd,UNINCORPORATED,GDOT (state route),GDOT encroachment permit,hard,STONE MOUNTAIN HWY,10.0,45.0,70,18.0,True,6,7.8,33.85265,-84.040039,"https://www.google.com/maps/@?api=1&map_action=pano&viewpoint=33.85265,-84.040039","https://www.google.com/maps/search/?api=1&query=33.85265,-84.040039"
5050,Nissan Dealership & The Plaza Entrance,BUFORD,GDOT (state route),GDOT encroachment permit,hard,BUFORD DR,20.0,45.0,50,18.0,True,4,7.8,34.076869,-83.984099,"https://www.google.com/maps/@?api=1&map_action=pano&viewpoint=34.076869,-83.984099","https://www.google.com/maps/search/?api=1&query=34.076869,-83.984099"
5049,The Gateway Plaza,BUFORD,GDOT (state route),GDOT encroachment permit,hard,BUFORD DR,20.0,45.0,50,18.0,True,4,7.8,34.08436,-83.98948,"https://www.google.com/maps/@?api=1&map_action=pano&viewpoint=34.08436,-83.98948","https://www.google.com/maps/search/?api=1&query=34.08436,-83.98948"
5055,Northside Hospital,UNINCORPORATED,GDOT (state route),GDOT encroachment permit,hard,BUFORD DR,20.0,50.0,50,18.0,True,7,7.8,34.047553,-83.993257,"https://www.google.com/maps/@?api=1&map_action=pano&viewpoint=34.047553,-83.993257","https://www.google.com/maps/search/?api=1&query=34.047553,-83.993257"
5056,Coolray Field Sign,UNINCORPORATED,GDOT (state route),GDOT encroachment permit,hard,BUFORD DR,20.0,50.0,50,18.0,True,6,7.8,34.041456,-83.991263,"https://www.google.com/maps/@?api=1&map_action=pano&viewpoint=34.041456,-83.991263","https://www.google.com/maps/search/?api=1&query=34.041456,-83.991263"
5057,Buford Drive @ The Mansions,UNINCORPORATED,GDOT (state route),GDOT encroachment permit,hard,BUFORD DR,20.0,50.0,50,18.0,True,4,7.8,34.038095,-83.988981,"https://www.google.com/maps/@?api=1&map_action=pano&viewpoint=34.038095,-83.988981","https://www.google.com/maps/search/?api=1&query=34.038095,-83.988981"
7001,US 78 at Town Green,SNELLVILLE,GDOT (state route),GDOT encroachment permit,hard,E MAIN ST,10.0,35.0,70,18.0,True,6,7.8,33.85663,-84.015699,"https://www.google.com/maps/@?api=1&map_action=pano&viewpoint=33.85663,-84.015699","https://www.google.com/maps/search/?api=1&query=33.85663,-84.015699"
7003,US 78 at Fountain Drive,SNELLVILLE,GDOT (state route),GDOT encroachment permit,hard,W MAIN ST,10.0,45.0,70,18.0,True,5,7.8,33.855049,-84.028999,"https://www.google.com/maps/@?api=1&map_action=pano&viewpoint=33.855049,-84.028999","https://www.google.com/maps/search/?api=1&query=33.855049,-84.028999"
7002,US 78 at Knollwood Drive,SNELLVILLE,GDOT (state route),GDOT encroachment permit,hard,W MAIN ST,10.0,45.0,70,18.0,True,10,7.8,33.85597,-84.025569,"https://www.google.com/maps/@?api=1&map_action=pano&viewpoint=33.85597,-84.025569","https://www.google.com/maps/search/?api=1&query=33.85597,-84.025569"
5011,Buford Drive @ Mini Cooper,BUFORD,GDOT (state route),GDOT encroachment permit,hard,BUFORD DR,20.0,45.0,50,18.0,True,3,7.8,34.083869,-83.988389,"https://www.google.com/maps/@?api=1&map_action=pano&viewpoint=34.083869,-83.988389","https://www.google.com/maps/search/?api=1&query=34.083869,-83.988389"
5012,Buford Drive @ Zaxby's,BUFORD,GDOT (state route),GDOT encroachment permit,hard,BUFORD DR,20.0,50.0,50,18.0,True,3,7.8,34.092499,-84.002469,"https://www.google.com/maps/@?api=1&map_action=pano&viewpoint=34.092499,-84.002469","https://www.google.com/maps/search/?api=1&query=34.092499,-84.002469"
1176,Buford Hwy & West Mount Tabor,UNINCORPORATED,GDOT (state route),GDOT encroachment permit,hard,BUFORD HWY,13.0,45.0,10B,18.0,True,6,7.8,33.970856,-84.171065,"https://www.google.com/maps/@?api=1&map_action=pano&viewpoint=33.970856,-84.171065","https://www.google.com/maps/search/?api=1&query=33.970856,-84.171065"
1168,Buford Hwy & Beaver Ruin Rd (10BIB),NORCROSS,GDOT (state route),GDOT encroachment permit,hard,BUFORD HWY,13.0,45.0,10B,18.0,True,9,7.8,33.945487,-84.202807,"https://www.google.com/maps/@?api=1&map_action=pano&viewpoint=33.945487,-84.202807","https://www.google.com/maps/search/?api=1&query=33.945487,-84.202807"
1169,Buford Hwy & Old Norcross Rd,NORCROSS,GDOT (state route),GDOT encroachment permit,hard,BUFORD HWY,13.0,45.0,10B,18.0,True,7,7.8,33.947146,-84.200877,"https://www.google.com/maps/@?api=1&map_action=pano&viewpoint=33.947146,-84.200877","https://www.google.com/maps/search/?api=1&query=33.947146,-84.200877"
1170,Buford Hwy & Cambridge St,UNINCORPORATED,GDOT (state route),GDOT encroachment permit,hard,BUFORD HWY,13.0,45.0,10B,18.0,True,6,7.8,33.951188,-84.196034,"https://www.google.com/maps/@?api=1&map_action=pano&viewpoint=33.951188,-84.196034","https://www.google.com/maps/search/?api=1&query=33.951188,-84.196034"
1172,Buford Hwy & Payne Rd,UNINCORPORATED,GDOT (state route),GDOT encroachment permit,hard,BUFORD HWY,13.0,45.0,10B,18.0,True,3,7.8,33.961354,-84.184049,"https://www.google.com/maps/@?api=1&map_action=pano&viewpoint=33.961354,-84.184049","https://www.google.com/maps/search/?api=1&query=33.961354,-84.184049"
1171,Buford Hwy & Pittman Cir,UNINCORPORATED,GDOT (state route),GDOT encroachment permit,hard,BUFORD HWY,13.0,45.0,10B,18.0,True,2,7.8,33.957474,-84.188548,"https://www.google.com/maps/@?api=1&map_action=pano&viewpoint=33.957474,-84.188548","https://www.google.com/maps/search/?api=1&query=33.957474,-84.188548"
1173,Buford Hwy & Remington Park Ct,UNINCORPORATED,GDOT (state route),GDOT encroachment permit,hard,BUFORD HWY,13.0,45.0,10B,18.0,True,3,7.8,33.964667,-84.179641,"https://www.google.com/maps/@?api=1&map_action=pano&viewpoint=33.964667,-84.179641","https://www.google.com/maps/search/?api=1&query=33.964667,-84.179641"
1174,Buford Hwy & Simpson Cir,UNINCORPORATED,GDOT (state route),GDOT encroachment permit,hard,BUFORD HWY,13.0,45.0,10B,18.0,True,4,7.8,33.966007,-84.177782,"https://www.google.com/maps/@?api=1&map_action=pano&viewpoint=33.966007,-84.177782","https://www.google.com/maps/search/?api=1&query=33.966007,-84.177782"
1175,Buford Hwy & Woodbine Hill Way,UNINCORPORATED,GDOT (state route),GDOT encroachment permit,hard,BUFORD HWY,13.0,45.0,10B,18.0,True,6,7.8,33.96902,-84.17355,"https://www.google.com/maps/@?api=1&map_action=pano&viewpoint=33.96902,-84.17355","https://www.google.com/maps/search/?api=1&query=33.96902,-84.17355"
5010,Buford Drive @ Nissan Dealership,BUFORD,GDOT (state route),GDOT encroachment permit,hard,BUFORD DR,20.0,45.0,50,18.0,True,3,7.8,34.0777,-83.983879,"https://www.google.com/maps/@?api=1&map_action=pano&viewpoint=34.0777,-83.983879","https://www.google.com/maps/search/?api=1&query=34.0777,-83.983879"
5043,Buford Hwy & Westbrook Road,SUGAR HILL,GDOT (state route),GDOT encroachment permit,hard,BUFORD HWY,13.0,50.0,50,18.0,True,6,7.8,34.076812,-84.046836,"https://www.google.com/maps/@?api=1&map_action=pano&viewpoint=34.076812,-84.046836","https://www.google.com/maps/search/?api=1&query=34.076812,-84.046836"
1177,Buford Hwy & Gravitt Tr IB,UNINCORPORATED,GDOT (state route),GDOT encroachment permit,hard,BUFORD HWY,13.0,45.0,10B,18.0,True,4,7.8,33.97347,-84.167478,"https://www.google.com/maps/@?api=1&map_action=pano&viewpoint=33.97347,-84.167478","https://www.google.com/maps/search/?api=1&query=33.97347,-84.167478"
5003,Buford Drive @ Mister Car Wash,UNINCORPORATED,GDOT (state route),GDOT encroachment permit,hard,BUFORD DR,20.0,50.0,50,18.0,True,7,7.8,34.048137,-83.992951,"https://www.google.com/maps/@?api=1&map_action=pano&viewpoint=34.048137,-83.992951","https://www.google.com/maps/search/?api=1&query=34.048137,-83.992951"
5045,Milcroft Apartment Entrance,UNINCORPORATED,GDOT (state route),GDOT encroachment permit,hard,BUFORD HWY,13.0,50.0,50,18.0,True,6,7.8,34.08245,-84.03625,"https://www.google.com/maps/@?api=1&map_action=pano&viewpoint=34.08245,-84.03625","https://www.google.com/maps/search/?api=1&query=34.08245,-84.03625"
5047,Buford Drive @ Buford Mall Plaza - Harbo,BUFORD,GDOT (state route),GDOT encroachment permit,hard,BUFORD DR,20.0,50.0,50,18.0,True,5,7.8,34.094463,-84.011023,"https://www.google.com/maps/@?api=1&map_action=pano&viewpoint=34.094463,-84.011023","https://www.google.com/maps/search/?api=1&query=34.094463,-84.011023"
1178,Buford Hwy & N Berkeley Lake Rd IB,UNINCORPORATED,GDOT (state route),GDOT encroachment permit,hard,BUFORD HWY,13.0,45.0,10B,18.0,True,3,7.8,33.975849,-84.164202,"https://www.google.com/maps/@?api=1&map_action=pano&viewpoint=33.975849,-84.164202","https://www.google.com/maps/search/?api=1&query=33.975849,-84.164202"
7013,US 78 at Shoppes at Lake Lucerne,UNINCORPORATED,GDOT (state route),GDOT encroachment permit,hard,STONE MOUNTAIN HWY,10.0,45.0,70,18.0,True,4,7.8,33.829819,-84.093559,"https://www.google.com/maps/@?api=1&map_action=pano&viewpoint=33.829819,-84.093559","https://www.google.com/maps/search/?api=1&query=33.829819,-84.093559"
7011,US 78 at Fresenius Kidney Care,UNINCORPORATED,GDOT (state route),GDOT encroachment permit,hard,STONE MOUNTAIN HWY,10.0,45.0,70,18.0,True,5,7.8,33.833469,-84.08453,"https://www.google.com/maps/@?api=1&map_action=pano&viewpoint=33.833469,-84.08453","https://www.google.com/maps/search/?api=1&query=33.833469,-84.08453"
7014,US 78 at Stone Drive,UNINCORPORATED,GDOT (state route),GDOT encroachment permit,hard,STONE MOUNTAIN HWY,10.0,45.0,70,18.0,True,7,7.8,33.826689,-84.09697,"https://www.google.com/maps/@?api=1&map_action=pano&viewpoint=33.826689,-84.09697","https://www.google.com/maps/search/?api=1&query=33.826689,-84.09697"
7010,US 78 at Home Depot,UNINCORPORATED,GDOT (state route),GDOT encroachment permit,hard,STONE MOUNTAIN HWY,10.0,45.0,70,18.0,True,5,7.8,33.83589,-84.0733,"https://www.google.com/maps/@?api=1&map_action=pano&viewpoint=33.83589,-84.0733","https://www.google.com/maps/search/?api=1&query=33.83589,-84.0733"
7009,US 78 at Veracruz Drive,UNINCORPORATED,GDOT (state route),GDOT encroachment permit,hard,STONE MOUNTAIN HWY,10.0,45.0,70,18.0,True,6,7.8,33.839899,-84.06488,"https://www.google.com/maps/@?api=1&map_action=pano&viewpoint=33.839899,-84.06488","https://www.google.com/maps/search/?api=1&query=33.839899,-84.06488"
7008,US 78 at Hewatt Road,UNINCORPORATED,GDOT (state route),GDOT encroachment permit,hard,STONE MOUNTAIN HWY,10.0,45.0,70,18.0,True,5,7.8,33.84298,-84.05844,"https://www.google.com/maps/@?api=1&map_action=pano&viewpoint=33.84298,-84.05844","https://www.google.com/maps/search/?api=1&query=33.84298,-84.05844"
7007,US 78 at Westside Court,UNINCORPORATED,GDOT (state route),GDOT encroachment permit,hard,STONE MOUNTAIN HWY,10.0,45.0,70,18.0,True,4,7.8,33.84654,-84.05108,"https://www.google.com/maps/@?api=1&map_action=pano&viewpoint=33.84654,-84.05108","https://www.google.com/maps/search/?api=1&query=33.84654,-84.05108"
7006,US 78 at Highpoint Road,UNINCORPORATED,GDOT (state route),GDOT encroachment permit,hard,STONE MOUNTAIN HWY,10.0,45.0,70,18.0,True,5,7.8,33.851149,-84.044629,"https://www.google.com/maps/@?api=1&map_action=pano&viewpoint=33.851149,-84.044629","https://www.google.com/maps/search/?api=1&query=33.851149,-84.044629"
5019,Lawrenceville-Suwanee Road @ Suwanee Tow,SUWANEE,GDOT (state route),GDOT encroachment permit,hard,LAWRENCEVILLE SUWANEE RD,317.0,45.0,50,18.0,True,3,7.8,34.057015,-84.063415,"https://www.google.com/maps/@?api=1&map_action=pano&viewpoint=34.057015,-84.063415","https://www.google.com/maps/search/?api=1&query=34.057015,-84.063415"
5013,Journey Church (across from Bloom),BUFORD,GDOT (state route),GDOT encroachment permit,hard,BUFORD HWY,13.0,50.0,50,18.0,True,4,7.8,34.092342,-84.016891,"https://www.google.com/maps/@?api=1&map_action=pano&viewpoint=34.092342,-84.016891","https://www.google.com/maps/search/?api=1&query=34.092342,-84.016891"
5014,Lanier Park Drive,SUGAR HILL,GDOT (state route),GDOT encroachment permit,hard,BUFORD HWY,13.0,50.0,50,18.0,True,2,7.8,34.087665,-84.022285,"https://www.google.com/maps/@?api=1&map_action=pano&viewpoint=34.087665,-84.022285","https://www.google.com/maps/search/?api=1&query=34.087665,-84.022285"
5039,Zaxby's - 3545 Lawrenceville-Suwanee Roa,SUWANEE,GDOT (state route),GDOT encroachment permit,hard,LAWRENCEVILLE SUWANEE RD,317.0,45.0,50,18.0,True,3,7.8,34.04533,-84.05727,"https://www.google.com/maps/@?api=1&map_action=pano&viewpoint=34.04533,-84.05727","https://www.google.com/maps/search/?api=1&query=34.04533,-84.05727"
5041,Buford Hwy @ Suwanee Animal Hospital,SUWANEE,GDOT (state route),GDOT encroachment permit,hard,BUFORD HWY,13.0,45.0,50,18.0,True,3,7.8,34.061028,-84.061179,"https://www.google.com/maps/@?api=1&map_action=pano&viewpoint=34.061028,-84.061179","https://www.google.com/maps/search/?api=1&query=34.061028,-84.061179"
5040,3893 Lawrenceville-Suwanee Road - Centra,SUWANEE,GDOT (state route),GDOT encroachment permit,hard,LAWRENCEVILLE SUWANEE RD,317.0,45.0,50,18.0,True,2,7.8,34.055533,-84.060958,"https://www.google.com/maps/@?api=1&map_action=pano&viewpoint=34.055533,-84.060958","https://www.google.com/maps/search/?api=1&query=34.055533,-84.060958"
5038,Advance Auto - 3379 Lawrenceville-Suwane,SUWANEE,GDOT (state route),GDOT encroachment permit,hard,LAWRENCEVILLE SUWANEE RD,317.0,45.0,50,18.0,True,4,7.8,34.040224,-84.053172,"https://www.google.com/maps/@?api=1&map_action=pano&viewpoint=34.040224,-84.053172","https://www.google.com/maps/search/?api=1&query=34.040224,-84.053172"
5042,Woods Creek Lane - Roberts Landing,SUGAR HILL,GDOT (state route),GDOT encroachment permit,hard,BUFORD HWY,13.0,50.0,50,18.0,True,1,7.8,34.070744,-84.055734,"https://www.google.com/maps/@?api=1&map_action=pano&viewpoint=34.070744,-84.055734","https://www.google.com/maps/search/?api=1&query=34.070744,-84.055734"
5009,Buford Drive @ Sam's Club,BUFORD,GDOT (state route),GDOT encroachment permit,hard,BUFORD DR,20.0,45.0,50,18.0,True,3,7.8,34.072506,-83.98393,"https://www.google.com/maps/@?api=1&map_action=pano&viewpoint=34.072506,-83.98393","https://www.google.com/maps/search/?api=1&query=34.072506,-83.98393"
5016,Buford Hwy & Woodward Way,SUGAR HILL,GDOT (state route),GDOT encroachment permit,hard,BUFORD HWY,13.0,50.0,50,18.0,False,1,0.0,34.07599,-84.048649,"https://www.google.com/maps/@?api=1&map_action=pano&viewpoint=34.07599,-84.048649","https://www.google.com/maps/search/?api=1&query=34.07599,-84.048649"
5017,Buford Hwy @ Interstate Batteries,SUWANEE,GDOT (state route),GDOT encroachment permit,hard,BUFORD HWY,13.0,50.0,50,18.0,False,2,0.0,34.071359,-84.05526,"https://www.google.com/maps/@?api=1&map_action=pano&viewpoint=34.071359,-84.05526","https://www.google.com/maps/search/?api=1&query=34.071359,-84.05526"
5020,Lawrenceville-Suwanee Road @ Suwanee Pla,SUWANEE,GDOT (state route),GDOT encroachment permit,hard,LAWRENCEVILLE SUWANEE RD,317.0,45.0,50,18.0,False,3,0.0,34.046897,-84.059327,"https://www.google.com/maps/@?api=1&map_action=pano&viewpoint=34.046897,-84.059327","https://www.google.com/maps/search/?api=1&query=34.046897,-84.059327"
5046,Buford Hwy & Davis Road,SUGAR HILL,GDOT (state route),GDOT encroachment permit,hard,BUFORD HWY,13.0,50.0,50,18.0,False,1,0.0,34.08985,-84.01905,"https://www.google.com/maps/@?api=1&map_action=pano&viewpoint=34.08985,-84.01905","https://www.google.com/maps/search/?api=1&query=34.08985,-84.01905"
5044,653 Buford Hwy,SUGAR HILL,GDOT (state route),GDOT encroachment permit,hard,BUFORD HWY,13.0,50.0,50,18.0,False,3,0.0,34.080395,-84.040245,"https://www.google.com/maps/@?api=1&map_action=pano&viewpoint=34.080395,-84.040245","https://www.google.com/maps/search/?api=1&query=34.080395,-84.040245"
2000,Beaver Ruin Rd & Price Pl,NORCROSS,City,City ROW permit,medium,PRICE PL,,25.0,20,57.0,True,6,49.6,33.94104,-84.204012,"https://www.google.com/maps/@?api=1&map_action=pano&viewpoint=33.94104,-84.204012","https://www.google.com/maps/search/?api=1&query=33.94104,-84.204012"
2522,Main Street at Hillcrest Road,LILBURN,City,City ROW permit,medium,MAIN ST,,25.0,25,34.0,True,5,29.6,33.89311,-84.140881,"https://www.google.com/maps/@?api=1&map_action=pano&viewpoint=33.89311,-84.140881","https://www.google.com/maps/search/?api=1&query=33.89311,-84.140881"
2521,Church Street at Public Library - Lilbur,LILBURN,City,City ROW permit,medium,CHURCH ST,,30.0,25,34.0,True,5,29.6,33.892294,-84.138068,"https://www.google.com/maps/@?api=1&map_action=pano&viewpoint=33.892294,-84.138068","https://www.google.com/maps/search/?api=1&query=33.892294,-84.138068"
3514,Reps Miller Rd & Wyngate (Reps Ln),NORCROSS,City,City ROW permit,medium,REPS MILLER RD,,35.0,35,31.0,True,12,27.0,33.953722,-84.212149,"https://www.google.com/maps/@?api=1&map_action=pano&viewpoint=33.953722,-84.212149","https://www.google.com/maps/search/?api=1&query=33.953722,-84.212149"
3503,Triangle Pkwy & Triangle Dr,PEACHTREE CORNERS,City,City ROW permit,medium,TRIANGLE PKWY,,25.0,35,31.0,True,1,27.0,33.972643,-84.222362,"https://www.google.com/maps/@?api=1&map_action=pano&viewpoint=33.972643,-84.222362","https://www.google.com/maps/search/?api=1&query=33.972643,-84.222362"
3542,Governor's Lake Pkwy (crosswalk),PEACHTREE CORNERS,City,City ROW permit,medium,GOVERNORS LAKE PKWY,,35.0,35,31.0,True,3,27.0,33.935309,-84.253084,"https://www.google.com/maps/@?api=1&map_action=pano&viewpoint=33.935309,-84.253084","https://www.google.com/maps/search/?api=1&query=33.935309,-84.253084"
3516,Reps Miller Rd & Race Track,NORCROSS,City,City ROW permit,medium,REPS MILLER RD,,35.0,35,31.0,True,5,27.0,33.95491,-84.218768,"https://www.google.com/maps/@?api=1&map_action=pano&viewpoint=33.95491,-84.218768","https://www.google.com/maps/search/?api=1&query=33.95491,-84.218768"
3513,N Peachtree St & Reps Miller Road,NORCROSS,City,City ROW permit,medium,N PEACHTREE ST,,30.0,35,31.0,True,3,27.0,33.954096,-84.208523,"https://www.google.com/maps/@?api=1&map_action=pano&viewpoint=33.954096,-84.208523","https://www.google.com/maps/search/?api=1&query=33.954096,-84.208523"
3515,3119 Reps Miller Rd Office Park,NORCROSS,City,City ROW permit,medium,REPS MILLER RD,,35.0,35,31.0,True,5,27.0,33.954364,-84.215085,"https://www.google.com/maps/@?api=1&map_action=pano&viewpoint=33.954364,-84.215085","https://www.google.com/maps/search/?api=1&query=33.954364,-84.215085"
3502,Peachtree Pkwy & Triangle Dr,PEACHTREE CORNERS,City,City ROW permit,medium,TRIANGLE DR,,25.0,35,31.0,True,3,27.0,33.972893,-84.221071,"https://www.google.com/maps/@?api=1&map_action=pano&viewpoint=33.972893,-84.221071","https://www.google.com/maps/search/?api=1&query=33.972893,-84.221071"
3504,Data Drive at Vital Solutions,PEACHTREE CORNERS,City,City ROW permit,medium,TRIANGLE PKWY,,25.0,35,31.0,True,6,27.0,33.97138,-84.22456,"https://www.google.com/maps/@?api=1&map_action=pano&viewpoint=33.97138,-84.22456","https://www.google.com/maps/search/?api=1&query=33.97138,-84.22456"
3541,Governor's Lake Pkwy & Veritiv OB,PEACHTREE CORNERS,City,City ROW permit,medium,GOVERNORS LAKE PKWY,,35.0,35,31.0,False,0,0.0,33.932424,-84.251989,"https://www.google.com/maps/@?api=1&map_action=pano&viewpoint=33.932424,-84.251989","https://www.google.com/maps/search/?api=1&query=33.932424,-84.251989"
4057,Gwinnett Dr & Green Tomato OB,LAWRENCEVILLE,City,City ROW permit,medium,GWINNETT DR,,40.0,40,30.0,True,6,26.0,33.943178,-83.991867,"https://www.google.com/maps/@?api=1&map_action=pano&viewpoint=33.943178,-83.991867","https://www.google.com/maps/search/?api=1&query=33.943178,-83.991867"
4050,Nash St & Stone Mountain St,LAWRENCEVILLE,City,City ROW permit,medium,NASH ST,,35.0,40,30.0,True,7,26.0,33.950259,-83.990013,"https://www.google.com/maps/@?api=1&map_action=pano&viewpoint=33.950259,-83.990013","https://www.google.com/maps/search/?api=1&query=33.950259,-83.990013"
4049,Nash St & GJAC Garage Ave,LAWRENCEVILLE,City,City ROW permit,medium,NASH ST,,35.0,40,30.0,True,4,26.0,33.94962,-83.992072,"https://www.google.com/maps/@?api=1&map_action=pano&viewpoint=33.94962,-83.992072","https://www.google.com/maps/search/?api=1&query=33.94962,-83.992072"
3597,Scientific Dr & Meridian Business Plza,PEACHTREE CORNERS,City,City ROW permit,medium,SCIENTIFIC DR,,25.0,35,29.0,True,10,25.2,33.965647,-84.219845,"https://www.google.com/maps/@?api=1&map_action=pano&viewpoint=33.965647,-84.219845","https://www.google.com/maps/search/?api=1&query=33.965647,-84.219845"
3595,Technology Pkwy & Research Dr,PEACHTREE CORNERS,City,City ROW permit,medium,TECHNOLOGY PKWY,,35.0,35,29.0,True,4,25.2,33.965028,-84.21778,"https://www.google.com/maps/@?api=1&map_action=pano&viewpoint=33.965028,-84.21778","https://www.google.com/maps/search/?api=1&query=33.965028,-84.21778"
3598,Scientific Dr & Peachtree Pkwy (UCI),PEACHTREE CORNERS,City,City ROW permit,medium,SCIENTIFIC DR,,25.0,35,29.0,True,5,25.2,33.965358,-84.222878,"https://www.google.com/maps/@?api=1&map_action=pano&viewpoint=33.965358,-84.222878","https://www.google.com/maps/search/?api=1&query=33.965358,-84.222878"
3591,Technology Pkwy & City Hall,PEACHTREE CORNERS,City,City ROW permit,medium,TECHNOLOGY PKWY,,35.0,35,29.0,True,7,25.2,33.957721,-84.225691,"https://www.google.com/maps/@?api=1&map_action=pano&viewpoint=33.957721,-84.225691","https://www.google.com/maps/search/?api=1&query=33.957721,-84.225691"
3590,Technology Pkwy near Hampton Inn,PEACHTREE CORNERS,City,City ROW permit,medium,TECHNOLOGY PKWY,,35.0,35,29.0,True,7,25.2,33.955486,-84.229597,"https://www.google.com/maps/@?api=1&map_action=pano&viewpoint=33.955486,-84.229597","https://www.google.com/maps/search/?api=1&query=33.955486,-84.229597"
3596,Scientific Dr & Technology Pkwy,PEACHTREE CORNERS,City,City ROW permit,medium,SCIENTIFIC DR,,25.0,35,29.0,True,4,25.2,33.966233,-84.21842,"https://www.google.com/maps/@?api=1&map_action=pano&viewpoint=33.966233,-84.21842","https://www.google.com/maps/search/?api=1&query=33.966233,-84.21842"
3589,Technology Pkwy  & Homewood Suites,PEACHTREE CORNERS,City,City ROW permit,medium,TECHNOLOGY PKWY,,35.0,35,29.0,True,5,25.2,33.955706,-84.231799,"https://www.google.com/maps/@?api=1&map_action=pano&viewpoint=33.955706,-84.231799","https://www.google.com/maps/search/?api=1&query=33.955706,-84.231799"
3592,Technology Pkwy at 157 Tech Pkwy,PEACHTREE CORNERS,City,City ROW permit,medium,TECHNOLOGY PKWY,,35.0,35,29.0,True,3,25.2,33.96071,-84.22453,"https://www.google.com/maps/@?api=1&map_action=pano&viewpoint=33.96071,-84.22453","https://www.google.com/maps/search/?api=1&query=33.96071,-84.22453"
3594,Technology Pkwy & Yardi Business,PEACHTREE CORNERS,City,City ROW permit,medium,TECHNOLOGY PKWY,,35.0,35,29.0,True,5,25.2,33.963524,-84.218737,"https://www.google.com/maps/@?api=1&map_action=pano&viewpoint=33.963524,-84.218737","https://www.google.com/maps/search/?api=1&query=33.963524,-84.218737"
3593,Technology Pkwy & Technology Pkwy South,PEACHTREE CORNERS,City,City ROW permit,medium,TECHNOLOGY PKWY,,35.0,35,29.0,True,4,25.2,33.96191,-84.22057,"https://www.google.com/maps/@?api=1&map_action=pano&viewpoint=33.96191,-84.22057","https://www.google.com/maps/search/?api=1&query=33.96191,-84.22057"
4095,Langley Dr & Plaza Park Office,LAWRENCEVILLE,City,City ROW permit,medium,LANGLEY DR,,35.0,40,28.0,True,7,24.4,33.955846,-83.997922,"https://www.google.com/maps/@?api=1&map_action=pano&viewpoint=33.955846,-83.997922","https://www.google.com/maps/search/?api=1&query=33.955846,-83.997922"
4046,Langley Dr & Huff St,LAWRENCEVILLE,City,City ROW permit,medium,LANGLEY DR,,35.0,40,28.0,True,7,24.4,33.95596,-83.998093,"https://www.google.com/maps/@?api=1&map_action=pano&viewpoint=33.95596,-83.998093","https://www.google.com/maps/search/?api=1&query=33.95596,-83.998093"
4097,W Pike St & Buchannan St (Hertz),LAWRENCEVILLE,City,City ROW permit,medium,BUCHANAN ST,,25.0,40,28.0,True,7,24.4,33.95857,-84.002042,"https://www.google.com/maps/@?api=1&map_action=pano&viewpoint=33.95857,-84.002042","https://www.google.com/maps/search/?api=1&query=33.95857,-84.002042"
4083,Gwinnett Dr & Stone Mountain St,LAWRENCEVILLE,City,City ROW permit,medium,GWINNETT DR,,40.0,40,28.0,True,7,24.4,33.943998,-83.993521,"https://www.google.com/maps/@?api=1&map_action=pano&viewpoint=33.943998,-83.993521","https://www.google.com/maps/search/?api=1&query=33.943998,-83.993521"
4038,Prof Dr at the Gwinnett Prof Center #2,LAWRENCEVILLE,City,City ROW permit,medium,PROFESSIONAL DR,,25.0,40,28.0,True,2,24.4,33.964378,-84.011488,"https://www.google.com/maps/@?api=1&map_action=pano&viewpoint=33.964378,-84.011488","https://www.google.com/maps/search/?api=1&query=33.964378,-84.011488"
4085,Gwinnett Dr & PNC Bank,LAWRENCEVILLE,City,City ROW permit,medium,GWINNETT DR,,40.0,40,28.0,True,5,24.4,33.941479,-83.990337,"https://www.google.com/maps/@?api=1&map_action=pano&viewpoint=33.941479,-83.990337","https://www.google.com/maps/search/?api=1&query=33.941479,-83.990337"
4103,575 Professional Dr,LAWRENCEVILLE,City,City ROW permit,medium,PROFESSIONAL DR,,25.0,40,28.0,False,1,0.0,33.96501,-84.011448,"https://www.google.com/maps/@?api=1&map_action=pano&viewpoint=33.96501,-84.011448","https://www.google.com/maps/search/?api=1&query=33.96501,-84.011448"
4084,Gwinnett Dr & Bridgestone Tire,LAWRENCEVILLE,City,City ROW permit,medium,GWINNETT DR,,40.0,40,28.0,False,5,0.0,33.943243,-83.992318,"https://www.google.com/maps/@?api=1&map_action=pano&viewpoint=33.943243,-83.992318","https://www.google.com/maps/search/?api=1&query=33.943243,-83.992318"
1061,Doraville MARTA Station,UNINCORPORATED,DeKalb County (outside Gwinnett),"DeKalb, out of scope",out of scope,,,0.0,"10A,10B,20,35",202.0,False,0,0.0,33.90314,-84.27971,"https://www.google.com/maps/@?api=1&map_action=pano&viewpoint=33.90314,-84.27971","https://www.google.com/maps/search/?api=1&query=33.90314,-84.27971"
1057,New Peachtree Rd & Oakcliff OB,UNINCORPORATED,DeKalb County (outside Gwinnett),"DeKalb, out of scope",out of scope,,,0.0,"10A,10B,20,35",103.0,False,0,0.0,33.912192,-84.265538,"https://www.google.com/maps/@?api=1&map_action=pano&viewpoint=33.912192,-84.265538","https://www.google.com/maps/search/?api=1&query=33.912192,-84.265538"
1058,New Peachtree Rd & McElroy Rd (BP),UNINCORPORATED,DeKalb County (outside Gwinnett),"DeKalb, out of scope",out of scope,,,0.0,"10A,10B,20,35",103.0,False,0,0.0,33.911232,-84.267245,"https://www.google.com/maps/@?api=1&map_action=pano&viewpoint=33.911232,-84.267245","https://www.google.com/maps/search/?api=1&query=33.911232,-84.267245"
1056,Buford Hwy & Oakcliff Rd OB,UNINCORPORATED,DeKalb County (outside Gwinnett),"DeKalb, out of scope",out of scope,,,0.0,"10A,10B,20,35",103.0,True,2,0.0,33.912019,-84.264164,"https://www.google.com/maps/@?api=1&map_action=pano&viewpoint=33.912019,-84.264164","https://www.google.com/maps/search/?api=1&query=33.912019,-84.264164"
1055,Buford Hwy & D' Custom Jewelry,UNINCORPORATED,DeKalb County (outside Gwinnett),"DeKalb, out of scope",out of scope,,,0.0,"10A,10B,20,35",103.0,True,4,0.0,33.914533,-84.261686,"https://www.google.com/maps/@?api=1&map_action=pano&viewpoint=33.914533,-84.261686","https://www.google.com/maps/search/?api=1&query=33.914533,-84.261686"
1060,Pebble Wood Apartments OB,UNINCORPORATED,DeKalb County (outside Gwinnett),"DeKalb, out of scope",out of scope,,,0.0,"10A,10B,20,35",103.0,False,0,0.0,33.905863,-84.27586,"https://www.google.com/maps/@?api=1&map_action=pano&viewpoint=33.905863,-84.27586","https://www.google.com/maps/search/?api=1&query=33.905863,-84.27586"
1059,New Peachtree Rd & Longmire Way OB,UNINCORPORATED,DeKalb County (outside Gwinnett),"DeKalb, out of scope",out of scope,,,0.0,"10A,10B,20,35",103.0,False,0,0.0,33.907442,-84.273632,"https://www.google.com/maps/@?api=1&map_action=pano&viewpoint=33.907442,-84.273632","https://www.google.com/maps/search/?api=1&query=33.907442,-84.273632"
1064,New Peachtree Rd & McElroy Rd IB,UNINCORPORATED,DeKalb County (outside Gwinnett),"DeKalb, out of scope",out of scope,,,0.0,"10A,10B,20,35",99.0,False,0,0.0,33.910907,-84.267697,"https://www.google.com/maps/@?api=1&map_action=pano&viewpoint=33.910907,-84.267697","https://www.google.com/maps/search/?api=1&query=33.910907,-84.267697"
1065,New Peachtree Rd at Lazaros Auto Rep IB,UNINCORPORATED,DeKalb County (outside Gwinnett),"DeKalb, out of scope",out of scope,,,0.0,"10A,10B,20,35",99.0,False,0,0.0,33.91151,-84.265935,"https://www.google.com/maps/@?api=1&map_action=pano&viewpoint=33.91151,-84.265935","https://www.google.com/maps/search/?api=1&query=33.91151,-84.265935"
1067,Buford Hwy at Korean Catholic Church IB,UNINCORPORATED,DeKalb County (outside Gwinnett),"DeKalb, out of scope",out of scope,,,0.0,"10A,10B,20,35",99.0,True,5,0.0,33.91471,-84.26115,"https://www.google.com/maps/@?api=1&map_action=pano&viewpoint=33.91471,-84.26115","https://www.google.com/maps/search/?api=1&query=33.91471,-84.26115"
1066,Buford Hwy at Tofu House IB,UNINCORPORATED,DeKalb County (outside Gwinnett),"DeKalb, out of scope",out of scope,,,0.0,"10A,10B,20,35",99.0,True,6,0.0,33.912417,-84.2634,"https://www.google.com/maps/@?api=1&map_action=pano&viewpoint=33.912417,-84.2634","https://www.google.com/maps/search/?api=1&query=33.912417,-84.2634"
1062,New Peachtree Rd & Pebblewood Apts,UNINCORPORATED,DeKalb County (outside Gwinnett),"DeKalb, out of scope",out of scope,,,0.0,"10A,10B,20,35",99.0,False,0,0.0,33.905627,-84.275784,"https://www.google.com/maps/@?api=1&map_action=pano&viewpoint=33.905627,-84.275784","https://www.google.com/maps/search/?api=1&query=33.905627,-84.275784"
1063,New Peachtree Rd & Longmire Way IB,UNINCORPORATED,DeKalb County (outside Gwinnett),"DeKalb, out of scope",out of scope,,,0.0,"10A,10B,20,35",99.0,False,0,0.0,33.90744,-84.273246,"https://www.google.com/maps/@?api=1&map_action=pano&viewpoint=33.90744,-84.273246","https://www.google.com/maps/search/?api=1&query=33.90744,-84.273246"
7017,Indian Creek MARTA Station,UNINCORPORATED,DeKalb County (outside Gwinnett),"DeKalb, out of scope",out of scope,,,0.0,70,37.0,False,0,0.0,33.769789,-84.229669,"https://www.google.com/maps/@?api=1&map_action=pano&viewpoint=33.769789,-84.229669","https://www.google.com/maps/search/?api=1&query=33.769789,-84.229669"
1000,Sugarloaf Mills P&R Local,UNINCORPORATED,Unclear,Verify jurisdiction,unknown,N BROWN RD,,45.0,"10A,10B,40,50",173.0,True,2,75.2,33.982845,-84.084811,"https://www.google.com/maps/@?api=1&map_action=pano&viewpoint=33.982845,-84.084811","https://www.google.com/maps/search/?api=1&query=33.982845,-84.084811"
3572,Peachtree Ind Blvd &  Corners @ 1700 Apt,PEACHTREE CORNERS,Unclear,Verify jurisdiction,unknown,PEACHTREE INDUSTRIAL BLVD ACCESS RD,,55.0,35,29.0,True,4,12.6,33.940791,-84.24669,"https://www.google.com/maps/@?api=1&map_action=pano&viewpoint=33.940791,-84.24669","https://www.google.com/maps/search/?api=1&query=33.940791,-84.24669"
3571,Peachtree Ind Blvd & The Fields Apts,PEACHTREE CORNERS,Unclear,Verify jurisdiction,unknown,PEACHTREE INDUSTRIAL BLVD ACCESS RD,,55.0,35,29.0,True,6,12.6,33.942717,-84.243341,"https://www.google.com/maps/@?api=1&map_action=pano&viewpoint=33.942717,-84.243341","https://www.google.com/maps/search/?api=1&query=33.942717,-84.243341"
4105,Lawrenceville Suwanee Rd & Old Norcross,LAWRENCEVILLE,Unclear,Verify jurisdiction,unknown,LAWRENCEVILLE SUWANEE RD,,45.0,40,28.0,False,1,0.0,33.956686,-84.018225,"https://www.google.com/maps/@?api=1&map_action=pano&viewpoint=33.956686,-84.018225","https://www.google.com/maps/search/?api=1&query=33.956686,-84.018225"
4036,Lawrenceville Suwanee Rd & Professional,LAWRENCEVILLE,Unclear,Verify jurisdiction,unknown,LAWRENCEVILLE SUWANEE RD,,45.0,40,28.0,False,2,0.0,33.960462,-84.020473,"https://www.google.com/maps/@?api=1&map_action=pano&viewpoint=33.960462,-84.020473","https://www.google.com/maps/search/?api=1&query=33.960462,-84.020473"
